,Afghanistan,Albania,Algeria,America,Andorra,Angola,Antigua and Barbuda,Argentina,Armenia,Australia,Austria,Azerbaijan,Bahrain,Bangladesh,Barbados,Belarus,Belgium,Belize,Benin,Bhutan,Bolivia,Bosnia,Botswana,Brazil,Brunei,Bulgaria,Burkina Faso,Burma,Burundi,Cabo Verde,Cambodia,Cameroon,Canada,Central African Republic,Chad,Chile,China,Colombia,Comoros,Congo,Costa Rica,Cote d'Ivoire,Croatia,Cuba,Cyprus,Czechia,Denmark,Diamond Princess,Djibouti,Dominica,Dominican Republic,Ecuador,Egypt,El Salvador,Equatorial Guinea,Eritrea,Estonia,Eswatini,Ethiopia,Fiji,Finland,France,Gabon,Gambia,Georgia,Germany,Ghana,Greece,Grenada,Guatemala,Guinea,Guinea-Bissau,Guyana,Haiti,Holy See,Honduras,Hungary,Iceland,India,Indonesia,Iran,Iraq,Ireland,Israel,Italy,Jamaica,Japan,Jordan,Kazakhstan,Kenya,Kosovo,Kuwait,Kyrgyzstan,Laos,Latvia,Lebanon,Liberia,Libya,Liechtenstein,Lithuania,Luxembourg,MS Zaandam,Madagascar,Malawi,Malaysia,Maldives,Mali,Malta,Mauritania,Mauritius,Mexico,Moldova,Monaco,Mongolia,Montenegro,Morocco,Mozambique,Namibia,Nepal,Netherlands,New Zealand,Nicaragua,Niger,Nigeria,North Macedonia,Norway,Oman,Pakistan,Panama,Papua New Guinea,Paraguay,Peru,Philippines,Poland,Portugal,Qatar,Romania,Russia,Rwanda,Saint Kitts and Nevis,Saint Lucia,Saint Vincent and the Grenadines,San Marino,Sao Tome and Principe,Saudi Arabia,Senegal,Serbia,Seychelles,Sierra Leone,Singapore,Slovakia,Slovenia,Somalia,South Africa,South Korea,South Sudan,Spain,Sri Lanka,Sudan,Suriname,Sweden,Switzerland,Syria,Taiwan,Tajikistan,Tanzania,Thailand,The Bahamas,Timor-Leste,Togo,Trinidad and Tobago,Tunisia,Turkey,Uganda,Ukraine,United Arab Emirates,United Kingdom,Uruguay,Uzbekistan,Venezuela,Vietnam,West Bank and Gaza,Western Sahara,Yemen,Zambia,Zimbabwe
1/22/20,0,0,0,1,0,0,0,0,0,0,0,0,0,0,0,0,0,0,0,0,0,0,0,0,0,0,0,0,0,0,0,0,0,0,0,0,503,0,0,0,0,0,0,0,0,0,0,0,0,0,0,0,0,0,0,0,0,0,0,0,0,0,0,0,0,0,0,0,0,0,0,0,0,0,0,0,0,0,0,0,0,0,0,0,0,0,2,0,0,0,0,0,0,0,0,0,0,0,0,0,0,0,0,0,0,0,0,0,0,0,0,0,0,0,0,0,0,0,0,0,0,0,0,0,0,0,0,0,0,0,0,0,0,0,0,0,0,0,0,0,0,0,0,0,0,0,0,0,0,0,0,0,0,0,1,0,0,0,0,0,0,0,0,1,0,0,2,0,0,0,0,0,0,0,0,0,0,0,0,0,0,0,0,0,0,0
1/23/20,0,0,0,1,0,0,0,0,0,0,0,0,0,0,0,0,0,0,0,0,0,0,0,0,0,0,0,0,0,0,0,0,0,0,0,0,595,0,0,0,0,0,0,0,0,0,0,0,0,0,0,0,0,0,0,0,0,0,0,0,0,0,0,0,0,0,0,0,0,0,0,0,0,0,0,0,0,0,0,0,0,0,0,0,0,0,2,0,0,0,0,0,0,0,0,0,0,0,0,0,0,0,0,0,0,0,0,0,0,0,0,0,0,0,0,0,0,0,0,0,0,0,0,0,0,0,0,0,0,0,0,0,0,0,0,0,0,0,0,0,0,0,0,0,0,0,0,0,0,1,0,0,0,0,1,0,0,0,0,0,0,0,0,1,0,0,3,0,0,0,0,0,0,0,0,0,0,0,0,0,2,0,0,0,0,0
1/24/20,0,0,0,2,0,0,0,0,0,0,0,0,0,0,0,0,0,0,0,0,0,0,0,0,0,0,0,0,0,0,0,0,0,0,0,0,858,0,0,0,0,0,0,0,0,0,0,0,0,0,0,0,0,0,0,0,0,0,0,0,0,2,0,0,0,0,0,0,0,0,0,0,0,0,0,0,0,0,0,0,0,0,0,0,0,0,2,0,0,0,0,0,0,0,0,0,0,0,0,0,0,0,0,0,0,0,0,0,0,0,0,0,0,0,0,0,0,0,0,0,0,0,0,0,0,0,0,0,0,0,0,0,0,0,0,0,0,0,0,0,0,0,0,0,0,0,0,0,0,3,0,0,0,0,2,0,0,0,0,0,0,0,0,3,0,0,5,0,0,0,0,0,0,0,0,0,0,0,0,0,2,0,0,0,0,0
1/25/20,0,0,0,2,0,0,0,0,0,0,0,0,0,0,0,0,0,0,0,0,0,0,0,0,0,0,0,0,0,0,0,0,0,0,0,0,1325,0,0,0,0,0,0,0,0,0,0,0,0,0,0,0,0,0,0,0,0,0,0,0,0,3,0,0,0,0,0,0,0,0,0,0,0,0,0,0,0,0,0,0,0,0,0,0,0,0,2,0,0,0,0,0,0,0,0,0,0,0,0,0,0,0,0,0,3,0,0,0,0,0,0,0,0,0,0,0,0,0,1,0,0,0,0,0,0,0,0,0,0,0,0,0,0,0,0,0,0,0,0,0,0,0,0,0,0,0,0,0,0,3,0,0,0,0,2,0,0,0,0,0,0,0,0,3,0,0,7,0,0,0,0,0,0,0,0,0,0,0,0,0,2,0,0,0,0,0
1/26/20,0,0,0,5,0,0,0,0,0,4,0,0,0,0,0,0,0,0,0,0,0,0,0,0,0,0,0,0,0,0,0,0,1,0,0,0,1970,0,0,0,0,0,0,0,0,0,0,0,0,0,0,0,0,0,0,0,0,0,0,0,0,3,0,0,0,0,0,0,0,0,0,0,0,0,0,0,0,0,0,0,0,0,0,0,0,0,3,0,0,0,0,0,0,0,0,0,0,0,0,0,0,0,0,0,4,0,0,0,0,0,0,0,0,0,0,0,0,0,1,0,0,0,0,0,0,0,0,0,0,0,0,0,0,0,0,0,0,0,0,0,0,0,0,0,0,0,0,0,0,4,0,0,0,0,3,0,0,0,0,0,0,0,0,4,0,0,6,0,0,0,0,0,0,0,0,0,0,0,0,0,2,0,0,0,0,0
1/27/20,0,0,0,5,0,0,0,0,0,5,0,0,0,0,0,0,0,0,0,0,0,0,0,0,0,0,0,0,0,0,1,0,1,0,0,0,2737,0,0,0,0,0,0,0,0,0,0,0,0,0,0,0,0,0,0,0,0,0,0,0,0,3,0,0,0,1,0,0,0,0,0,0,0,0,0,0,0,0,0,0,0,0,0,0,0,0,3,0,0,0,0,0,0,0,0,0,0,0,0,0,0,0,0,0,4,0,0,0,0,0,0,0,0,0,0,0,0,0,1,0,0,0,0,0,0,0,0,0,0,0,0,0,0,0,0,0,0,0,0,0,0,0,0,0,0,0,0,0,0,5,0,0,0,0,4,0,0,1,0,0,0,0,0,5,0,0,6,0,0,0,0,0,0,0,0,0,0,0,0,0,2,0,0,0,0,0
1/28/20,0,0,0,5,0,0,0,0,0,5,0,0,0,0,0,0,0,0,0,0,0,0,0,0,0,0,0,0,0,0,1,0,2,0,0,0,5277,0,0,0,0,0,0,0,0,0,0,0,0,0,0,0,0,0,0,0,0,0,0,0,0,4,0,0,0,4,0,0,0,0,0,0,0,0,0,0,0,0,0,0,0,0,0,0,0,0,6,0,0,0,0,0,0,0,0,0,0,0,0,0,0,0,0,0,4,0,0,0,0,0,0,0,0,0,0,0,0,0,1,0,0,0,0,0,0,0,0,0,0,0,0,0,0,0,0,0,0,0,0,0,0,0,0,0,0,0,0,0,0,7,0,0,0,0,4,0,0,1,0,0,0,0,0,8,0,0,9,0,0,0,0,0,0,0,0,0,0,0,0,0,2,0,0,0,0,0
1/29/20,0,0,0,5,0,0,0,0,0,6,0,0,0,0,0,0,0,0,0,0,0,0,0,0,0,0,0,0,0,0,1,0,2,0,0,0,5834,0,0,0,0,0,0,0,0,0,0,0,0,0,0,0,0,0,0,0,0,0,0,0,1,5,0,0,0,4,0,0,0,0,0,0,0,0,0,0,0,0,0,0,0,0,0,0,0,0,6,0,0,0,0,0,0,0,0,0,0,0,0,0,0,0,0,0,7,0,0,0,0,0,0,0,0,0,0,0,0,0,1,0,0,0,0,0,0,0,0,0,0,0,0,0,0,0,0,0,0,0,0,0,0,0,0,0,0,0,0,0,0,7,0,0,0,0,4,0,0,1,0,0,0,0,0,8,0,0,9,0,0,0,0,0,0,0,0,4,0,0,0,0,2,0,0,0,0,0
1/30/20,0,0,0,5,0,0,0,0,0,7,0,0,0,0,0,0,0,0,0,0,0,0,0,0,0,0,0,0,0,0,1,0,2,0,0,0,7835,0,0,0,0,0,0,0,0,0,0,0,0,0,0,0,0,0,0,0,0,0,0,0,1,5,0,0,0,4,0,0,0,0,0,0,0,0,0,0,0,0,1,0,0,0,0,0,0,0,10,0,0,0,0,0,0,0,0,0,0,0,0,0,0,0,0,0,8,0,0,0,0,0,0,0,0,0,0,0,0,0,1,0,0,0,0,0,0,0,0,0,0,0,0,0,1,0,0,0,0,0,0,0,0,0,0,0,0,0,0,0,0,10,0,0,0,0,4,0,0,1,0,0,0,0,0,9,0,0,9,0,0,0,0,0,0,0,0,4,0,0,0,0,2,0,0,0,0,0
1/31/20,0,0,0,7,0,0,0,0,0,7,0,0,0,0,0,0,0,0,0,0,0,0,0,0,0,0,0,0,0,0,1,0,4,0,0,0,9375,0,0,0,0,0,0,0,0,0,0,0,0,0,0,0,0,0,0,0,0,0,0,0,1,5,0,0,0,5,0,0,0,0,0,0,0,0,0,0,0,0,1,0,0,0,0,0,2,0,14,0,0,0,0,0,0,0,0,0,0,0,0,0,0,0,0,0,8,0,0,0,0,0,0,0,0,0,0,0,0,0,1,0,0,0,0,0,0,0,0,0,0,0,0,0,1,0,0,0,0,2,0,0,0,0,0,0,0,0,0,0,0,13,0,0,0,0,11,0,0,1,0,0,1,0,0,10,0,0,14,0,0,0,0,0,0,0,0,4,2,0,0,0,2,0,0,0,0,0
2/1/20,0,0,0,8,0,0,0,0,0,10,0,0,0,0,0,0,0,0,0,0,0,0,0,0,0,0,0,0,0,0,1,0,4,0,0,0,11357,0,0,0,0,0,0,0,0,0,0,0,0,0,0,0,0,0,0,0,0,0,0,0,1,6,0,0,0,8,0,0,0,0,0,0,0,0,0,0,0,0,1,0,0,0,0,0,2,0,19,0,0,0,0,0,0,0,0,0,0,0,0,0,0,0,0,0,8,0,0,0,0,0,0,0,0,0,0,0,0,0,1,0,0,0,0,0,0,0,0,0,0,0,0,0,1,0,0,0,0,2,0,0,0,0,0,0,0,0,0,0,0,16,0,0,0,0,12,0,1,1,0,0,1,0,0,10,0,0,14,0,0,0,0,0,0,0,0,4,2,0,0,0,5,0,0,0,0,0
2/2/20,0,0,0,8,0,0,0,0,0,10,0,0,0,0,0,0,0,0,0,0,0,0,0,0,0,0,0,0,0,0,1,0,4,0,0,0,15806,0,0,0,0,0,0,0,0,0,0,0,0,0,0,0,0,0,0,0,0,0,0,0,1,6,0,0,0,10,0,0,0,0,0,0,0,0,0,0,0,0,2,0,0,0,0,0,2,0,19,0,0,0,0,0,0,0,0,0,0,0,0,0,0,0,0,0,8,0,0,0,0,0,0,0,0,0,0,0,0,0,1,0,0,0,0,0,0,0,0,0,0,0,0,0,1,0,0,0,0,2,0,0,0,0,0,0,0,0,0,0,0,18,0,0,0,0,15,0,1,1,0,0,1,0,0,10,0,0,14,0,0,0,0,0,0,0,0,5,2,0,0,0,5,0,0,0,0,0
2/3/20,0,0,0,11,0,0,0,0,0,10,0,0,0,0,0,0,0,0,0,0,0,0,0,0,0,0,0,0,0,0,1,0,4,0,0,0,18677,0,0,0,0,0,0,0,0,0,0,0,0,0,0,0,0,0,0,0,0,0,0,0,1,6,0,0,0,12,0,0,0,0,0,0,0,0,0,0,0,0,3,0,0,0,0,0,2,0,19,0,0,0,0,0,0,0,0,0,0,0,0,0,0,0,0,0,8,0,0,0,0,0,0,0,0,0,0,0,0,0,1,0,0,0,0,0,0,0,0,0,0,0,0,0,1,0,0,0,0,2,0,0,0,0,0,0,0,0,0,0,0,18,0,0,0,0,15,0,1,1,0,0,1,0,0,10,0,0,14,0,0,0,0,0,0,0,0,5,2,0,0,0,7,0,0,0,0,0
2/4/20,0,0,0,11,0,0,0,0,0,11,0,0,0,0,0,0,1,0,0,0,0,0,0,0,0,0,0,0,0,0,1,0,4,0,0,0,22373,0,0,0,0,0,0,0,0,0,0,0,0,0,0,0,0,0,0,0,0,0,0,0,1,6,0,0,0,12,0,0,0,0,0,0,0,0,0,0,0,0,3,0,0,0,0,0,2,0,21,0,0,0,0,0,0,0,0,0,0,0,0,0,0,0,0,0,10,0,0,0,0,0,0,0,0,0,0,0,0,0,1,0,0,0,0,0,0,0,0,0,0,0,0,0,1,0,0,0,0,2,0,0,0,0,0,0,0,0,0,0,0,24,0,0,0,0,16,0,1,1,0,0,1,0,0,11,0,0,20,0,0,0,0,0,0,0,0,5,2,0,0,0,7,0,0,0,0,0
2/5/20,0,0,0,11,0,0,0,0,0,11,0,0,0,0,0,0,1,0,0,0,0,0,0,0,0,0,0,0,0,0,1,0,5,0,0,0,25762,0,0,0,0,0,0,0,0,0,0,0,0,0,0,0,0,0,0,0,0,0,0,0,1,6,0,0,0,12,0,0,0,0,0,0,0,0,0,0,0,0,3,0,0,0,0,0,2,0,21,0,0,0,0,0,0,0,0,0,0,0,0,0,0,0,0,0,12,0,0,0,0,0,0,0,0,0,0,0,0,0,1,0,0,0,0,0,0,0,0,0,0,0,0,0,1,0,0,0,0,2,0,0,0,0,0,0,0,0,0,0,0,28,0,0,0,0,19,0,1,1,0,0,1,0,0,11,0,0,20,0,0,0,0,0,0,0,0,5,2,0,0,0,7,0,0,0,0,0
2/6/20,0,0,0,11,0,0,0,0,0,12,0,0,0,0,0,0,1,0,0,0,0,0,0,0,0,0,0,0,0,0,1,0,5,0,0,0,28477,0,0,0,0,0,0,0,0,0,0,0,0,0,0,0,0,0,0,0,0,0,0,0,1,6,0,0,0,12,0,0,0,0,0,0,0,0,0,0,0,0,3,0,0,0,0,0,2,0,21,0,0,0,0,0,0,0,0,0,0,0,0,0,0,0,0,0,12,0,0,0,0,0,0,0,0,0,0,0,0,0,1,0,0,0,0,0,0,0,0,0,0,0,0,0,1,0,0,0,0,2,0,0,0,0,0,0,0,0,0,0,0,28,0,0,0,0,23,0,1,1,0,0,1,0,0,15,0,0,20,0,0,0,0,0,0,0,0,5,2,0,0,0,9,0,0,0,0,0
2/7/20,0,0,0,11,0,0,0,0,0,13,0,0,0,0,0,0,1,0,0,0,0,0,0,0,0,0,0,0,0,0,1,0,7,0,0,0,31393,0,0,0,0,0,0,0,0,0,0,61,0,0,0,0,0,0,0,0,0,0,0,0,1,6,0,0,0,13,0,0,0,0,0,0,0,0,0,0,0,0,3,0,0,0,0,0,3,0,24,0,0,0,0,0,0,0,0,0,0,0,0,0,0,0,0,0,11,0,0,0,0,0,0,0,0,0,0,0,0,0,1,0,0,0,0,0,0,0,0,0,0,0,0,0,2,0,0,0,0,2,0,0,0,0,0,0,0,0,0,0,0,30,0,0,0,0,23,0,1,1,0,0,1,0,0,15,0,0,20,0,0,0,0,0,0,0,0,5,3,0,0,0,9,0,0,0,0,0
2/8/20,0,0,0,11,0,0,0,0,0,13,0,0,0,0,0,0,1,0,0,0,0,0,0,0,0,0,0,0,0,0,1,0,7,0,0,0,33413,0,0,0,0,0,0,0,0,0,0,61,0,0,0,0,0,0,0,0,0,0,0,0,1,11,0,0,0,13,0,0,0,0,0,0,0,0,0,0,0,0,3,0,0,0,0,0,3,0,24,0,0,0,0,0,0,0,0,0,0,0,0,0,0,0,0,0,15,0,0,0,0,0,0,0,0,0,0,0,0,0,1,0,0,0,0,0,0,0,0,0,0,0,0,0,2,0,0,0,0,2,0,0,0,0,0,0,0,0,0,0,0,31,0,0,0,0,23,0,1,0,0,0,1,0,0,16,0,0,22,0,0,0,0,0,0,0,0,7,3,0,0,0,12,0,0,0,0,0
2/9/20,0,0,0,8,0,0,0,0,0,13,0,0,0,0,0,0,1,0,0,0,0,0,0,0,0,0,0,0,0,0,1,0,7,0,0,0,35705,0,0,0,0,0,0,0,0,0,0,64,0,0,0,0,0,0,0,0,0,0,0,0,1,11,0,0,0,14,0,0,0,0,0,0,0,0,0,0,0,0,3,0,0,0,0,0,3,0,25,0,0,0,0,0,0,0,0,0,0,0,0,0,0,0,0,0,15,0,0,0,0,0,0,0,0,0,0,0,0,0,1,0,0,0,0,0,0,0,0,0,0,0,0,0,2,0,0,0,0,2,0,0,0,0,0,0,0,0,0,0,0,38,0,0,0,0,22,0,2,0,0,0,1,0,0,17,0,0,22,0,0,0,0,0,0,0,0,7,3,0,0,0,12,0,0,0,0,0
2/10/20,0,0,0,8,0,0,0,0,0,13,0,0,0,0,0,0,1,0,0,0,0,0,0,0,0,0,0,0,0,0,1,0,7,0,0,0,37424,0,0,0,0,0,0,0,0,0,0,135,0,0,0,0,0,0,0,0,0,0,0,0,1,11,0,0,0,14,0,0,0,0,0,0,0,0,0,0,0,0,3,0,0,0,0,0,3,0,22,0,0,0,0,0,0,0,0,0,0,0,0,0,0,0,0,0,17,0,0,0,0,0,0,0,0,0,0,0,0,0,1,0,0,0,0,0,0,0,0,0,0,0,0,0,2,0,0,0,0,2,0,0,0,0,0,0,0,0,0,0,0,43,0,0,0,0,24,0,2,0,0,0,1,0,0,17,0,0,22,0,0,0,0,0,0,0,0,8,8,0,0,0,13,0,0,0,0,0
2/11/20,0,0,0,9,0,0,0,0,0,13,0,0,0,0,0,0,1,0,0,0,0,0,0,0,0,0,0,0,0,0,1,0,7,0,0,0,38638,0,0,0,0,0,0,0,0,0,0,135,0,0,0,0,0,0,0,0,0,0,0,0,1,11,0,0,0,16,0,0,0,0,0,0,0,0,0,0,0,0,3,0,0,0,0,0,3,0,17,0,0,0,0,0,0,0,0,0,0,0,0,0,0,0,0,0,15,0,0,0,0,0,0,0,0,0,0,0,0,0,1,0,0,0,0,0,0,0,0,0,0,0,0,0,2,0,0,0,0,2,0,0,0,0,0,0,0,0,0,0,0,38,0,0,0,0,25,0,2,0,0,0,1,0,0,17,0,0,23,0,0,0,0,0,0,0,0,8,8,0,0,0,9,0,0,0,0,0
2/12/20,0,0,0,9,0,0,0,0,0,13,0,0,0,0,0,0,1,0,0,0,0,0,0,0,0,0,0,0,0,0,0,0,6,0,0,0,38560,0,0,0,0,0,0,0,0,0,0,175,0,0,0,0,0,0,0,0,0,0,0,0,0,9,0,0,0,16,0,0,0,0,0,0,0,0,0,0,0,0,3,0,0,0,0,0,3,0,19,0,0,0,0,0,0,0,0,0,0,0,0,0,0,0,0,0,15,0,0,0,0,0,0,0,0,0,0,0,0,0,0,0,0,0,0,0,0,0,0,0,0,0,0,0,1,0,0,0,0,0,0,0,0,0,0,0,0,0,0,0,0,35,0,0,0,0,21,0,2,0,0,0,1,0,0,17,0,0,23,0,0,0,0,0,0,0,0,7,8,0,0,0,9,0,0,0,0,0
2/13/20,0,0,0,10,0,0,0,0,0,7,0,0,0,0,0,0,1,0,0,0,0,0,0,0,0,0,0,0,0,0,0,0,6,0,0,0,52309,0,0,0,0,0,0,0,0,0,0,175,0,0,0,0,0,0,0,0,0,0,0,0,0,9,0,0,0,15,0,0,0,0,0,0,0,0,0,0,0,0,3,0,0,0,0,0,3,0,18,0,0,0,0,0,0,0,0,0,0,0,0,0,0,0,0,0,16,0,0,0,0,0,0,0,0,0,0,0,0,0,0,0,0,0,0,0,0,0,0,0,0,0,0,0,1,0,0,0,0,0,0,0,0,0,0,0,0,0,0,0,0,43,0,0,0,0,21,0,2,0,0,0,1,0,0,17,0,0,21,0,0,0,0,0,0,0,0,7,8,0,0,0,9,0,0,0,0,0
2/14/20,0,0,0,10,0,0,0,0,0,7,0,0,0,0,0,0,1,0,0,0,0,0,0,0,0,0,0,0,0,0,0,0,6,0,0,0,56860,0,0,0,0,0,0,0,0,0,0,218,0,0,0,0,1,0,0,0,0,0,0,0,0,9,0,0,0,15,0,0,0,0,0,0,0,0,0,0,0,0,3,0,0,0,0,0,3,0,19,0,0,0,0,0,0,0,0,0,0,0,0,0,0,0,0,0,16,0,0,0,0,0,0,0,0,0,0,0,0,0,0,0,0,0,0,0,0,0,0,0,0,0,0,0,1,0,0,0,0,0,0,0,0,0,0,0,0,0,0,0,0,50,0,0,0,0,21,0,2,0,0,0,1,0,0,16,0,0,21,0,0,0,0,0,0,0,0,7,8,0,0,0,9,0,0,0,0,0
2/15/20,0,0,0,10,0,0,0,0,0,7,0,0,0,0,0,0,1,0,0,0,0,0,0,0,0,0,0,0,0,0,0,0,6,0,0,0,57452,0,0,0,0,0,0,0,0,0,0,285,0,0,0,0,1,0,0,0,0,0,0,0,0,7,0,0,0,15,0,0,0,0,0,0,0,0,0,0,0,0,3,0,0,0,0,0,3,0,30,0,0,0,0,0,0,0,0,0,0,0,0,0,0,0,0,0,15,0,0,0,0,0,0,0,0,0,0,0,0,0,0,0,0,0,0,0,0,0,0,0,0,0,0,0,1,0,0,0,0,0,0,0,0,0,0,0,0,0,0,0,0,54,0,0,0,0,19,0,0,0,0,0,1,0,0,16,0,0,21,0,0,0,0,0,0,0,0,5,8,0,0,0,9,0,0,0,0,0
2/16/20,0,0,0,10,0,0,0,0,0,7,0,0,0,0,0,0,1,0,0,0,0,0,0,0,0,0,0,0,0,0,0,0,6,0,0,0,57992,0,0,0,0,0,0,0,0,0,0,355,0,0,0,0,1,0,0,0,0,0,0,0,0,7,0,0,0,15,0,0,0,0,0,0,0,0,0,0,0,0,0,0,0,0,0,0,3,0,46,0,0,0,0,0,0,0,0,0,0,0,0,0,0,0,0,0,15,0,0,0,0,0,0,0,0,0,0,0,0,0,0,0,0,0,0,0,0,0,0,0,0,0,0,0,1,0,0,0,0,0,0,0,0,0,0,0,0,0,0,0,0,57,0,0,0,0,20,0,0,0,0,0,1,0,0,17,0,0,20,0,0,0,0,0,0,0,0,5,1,0,0,0,9,0,0,0,0,0
2/17/20,0,0,0,10,0,0,0,0,0,5,0,0,0,0,0,0,0,0,0,0,0,0,0,0,0,0,0,0,0,0,0,0,7,0,0,0,58108,0,0,0,0,0,0,0,0,0,0,454,0,0,0,0,1,0,0,0,0,0,0,0,0,7,0,0,0,15,0,0,0,0,0,0,0,0,0,0,0,0,0,0,0,0,0,0,3,0,53,0,0,0,0,0,0,0,0,0,0,0,0,0,0,0,0,0,15,0,0,0,0,0,0,0,0,0,0,0,0,0,0,0,0,0,0,0,0,0,0,0,0,0,0,0,1,0,0,0,0,0,0,0,0,0,0,0,0,0,0,0,0,53,0,0,0,0,20,0,0,0,0,0,1,0,0,19,0,0,20,0,0,0,0,0,0,0,0,5,1,0,0,0,9,0,0,0,0,0
2/18/20,0,0,0,10,0,0,0,0,0,5,0,0,0,0,0,0,0,0,0,0,0,0,0,0,0,0,0,0,0,0,0,0,7,0,0,0,58002,0,0,0,0,0,0,0,0,0,0,542,0,0,0,0,1,0,0,0,0,0,0,0,0,7,0,0,0,4,0,0,0,0,0,0,0,0,0,0,0,0,0,0,0,0,0,0,3,0,60,0,0,0,0,0,0,0,0,0,0,0,0,0,0,0,0,0,9,0,0,0,0,0,0,0,0,0,0,0,0,0,0,0,0,0,0,0,0,0,0,0,0,0,0,0,1,0,0,0,0,0,0,0,0,0,0,0,0,0,0,0,0,52,0,0,0,0,19,0,0,0,0,0,1,0,0,19,0,0,20,0,0,0,0,0,0,0,0,5,1,0,0,0,9,0,0,0,0,0
2/19/20,0,0,0,10,0,0,0,0,0,5,0,0,0,0,0,0,0,0,0,0,0,0,0,0,0,0,0,0,0,0,0,0,7,0,0,0,56541,0,0,0,0,0,0,0,0,0,0,620,0,0,0,0,1,0,0,0,0,0,0,0,0,7,0,0,0,4,0,0,0,0,0,0,0,0,0,0,0,0,0,0,0,0,0,0,3,0,65,0,0,0,0,0,0,0,0,0,0,0,0,0,0,0,0,0,7,0,0,0,0,0,0,0,0,0,0,0,0,0,0,0,0,0,0,0,0,0,0,0,0,0,0,0,1,0,0,0,0,0,0,0,0,0,0,0,0,0,0,0,0,50,0,0,0,0,19,0,0,0,0,0,1,0,0,20,0,0,20,0,0,0,0,0,0,0,0,5,1,0,0,0,9,0,0,0,0,0
2/20/20,0,0,0,10,0,0,0,0,0,5,0,0,0,0,0,0,0,0,0,0,0,0,0,0,0,0,0,0,0,0,0,0,7,0,0,0,54825,0,0,0,0,0,0,0,0,0,0,631,0,0,0,0,1,0,0,0,0,0,0,0,0,7,0,0,0,4,0,0,0,0,0,0,0,0,0,0,0,0,0,0,3,0,0,0,3,0,75,0,0,0,0,0,0,0,0,0,0,0,0,0,0,0,0,0,7,0,0,0,0,0,0,0,0,0,0,0,0,0,0,0,0,0,0,0,0,0,0,0,0,0,0,0,1,0,0,0,0,0,0,0,0,0,0,0,0,0,0,0,0,50,0,0,0,0,87,0,0,0,0,0,1,0,0,21,0,0,20,0,0,0,0,0,0,0,0,5,1,0,0,0,9,0,0,0,0,0
2/21/20,0,0,0,10,0,0,0,0,0,4,0,0,0,0,0,0,0,0,0,0,0,0,0,0,0,0,0,0,0,0,0,0,6,0,0,0,54608,0,0,0,0,0,0,0,0,0,0,631,0,0,0,0,1,0,0,0,0,0,0,0,0,7,0,0,0,2,0,0,0,0,0,0,0,0,0,0,0,0,0,0,14,0,0,1,19,0,82,0,0,0,0,0,0,0,0,1,0,0,0,0,0,0,0,0,7,0,0,0,0,0,0,0,0,0,0,0,0,0,0,0,0,0,0,0,0,0,0,0,0,0,0,0,1,0,0,0,0,0,0,0,0,0,0,0,0,0,0,0,0,48,0,0,0,0,186,0,0,0,0,0,1,0,0,23,0,0,18,0,0,0,0,0,0,0,0,5,1,0,0,0,2,0,0,0,0,0
2/22/20,0,0,0,10,0,0,0,0,0,4,0,0,0,0,0,0,0,0,0,0,0,0,0,0,0,0,0,0,0,0,0,0,6,0,0,0,51859,0,0,0,0,0,0,0,0,0,0,631,0,0,0,0,1,0,0,0,0,0,0,0,0,7,0,0,0,2,0,0,0,0,0,0,0,0,0,0,0,0,0,0,23,0,0,1,59,0,99,0,0,0,0,0,0,0,0,1,0,0,0,0,0,0,0,0,7,0,0,0,0,0,0,0,0,0,0,0,0,0,0,0,0,0,0,0,0,0,0,0,0,0,0,0,1,0,0,0,0,0,0,0,0,0,0,0,0,0,0,0,0,48,0,0,0,0,415,0,0,0,0,0,1,0,0,23,0,0,18,0,0,0,0,0,0,0,0,9,1,0,0,0,2,0,0,0,0,0
2/23/20,0,0,0,10,0,0,0,0,0,4,0,0,0,0,0,0,0,0,0,0,0,0,0,0,0,0,0,0,0,0,0,0,6,0,0,0,51390,0,0,0,0,0,0,0,0,0,0,688,0,0,0,0,1,0,0,0,0,0,0,0,0,7,0,0,0,2,0,0,0,0,0,0,0,0,0,0,0,0,0,0,35,0,0,1,150,0,124,0,0,0,0,0,0,0,0,1,0,0,0,0,0,0,0,0,7,0,0,0,0,0,0,0,0,0,0,0,0,0,0,0,0,0,0,0,0,0,0,0,0,0,0,0,1,0,0,0,0,0,0,0,0,0,0,0,0,0,0,0,0,38,0,0,0,0,578,0,0,0,0,0,1,0,0,25,0,0,14,0,0,0,0,0,0,0,0,9,1,0,0,0,2,0,0,0,0,0
2/24/20,1,0,0,46,0,0,0,0,0,4,0,0,1,0,0,0,0,0,0,0,0,0,0,0,0,0,0,0,0,0,0,0,7,0,0,0,49631,0,0,0,0,0,0,0,0,0,0,688,0,0,0,0,1,0,0,0,0,0,0,0,0,7,0,0,0,2,0,0,0,0,0,0,0,0,0,0,0,0,0,0,49,1,0,1,221,0,136,0,0,0,0,1,0,0,0,1,0,0,0,0,0,0,0,0,4,0,0,0,0,0,0,0,0,0,0,0,0,0,0,0,0,0,0,0,0,0,2,0,0,0,0,0,1,0,0,0,0,0,0,0,0,0,0,0,0,0,0,0,0,38,0,0,0,0,807,0,0,0,0,0,1,0,0,24,0,0,14,0,0,0,0,0,0,0,0,9,5,0,0,0,2,0,0,0,0,0
2/25/20,1,0,1,45,0,0,0,0,0,4,2,0,23,0,0,0,0,0,0,0,0,0,0,0,0,0,0,0,0,0,0,0,8,0,0,0,47413,0,0,0,0,0,1,0,0,0,0,688,0,0,0,0,1,0,0,0,0,0,0,0,0,2,0,0,0,3,0,0,0,0,0,0,0,0,0,0,0,0,0,0,79,1,0,1,311,0,147,0,0,0,0,11,0,0,0,1,0,0,0,0,0,0,0,0,4,0,0,0,0,0,0,0,0,0,0,0,0,0,0,0,0,0,0,0,0,0,2,0,0,0,0,0,1,0,0,0,0,0,0,0,0,0,0,0,0,0,0,0,0,38,0,0,0,0,945,0,4,0,0,0,1,1,0,25,0,0,15,0,0,0,0,0,0,0,0,9,5,0,0,0,0,0,0,0,0,0
2/26/20,1,0,1,51,0,0,0,0,0,4,2,0,33,0,0,0,0,0,0,0,0,0,0,1,0,0,0,0,0,0,0,0,8,0,0,0,45365,0,0,0,0,0,3,0,0,0,0,691,0,0,0,0,1,0,0,0,0,0,0,0,1,5,0,0,1,12,0,1,0,0,0,0,0,0,0,0,0,0,0,0,71,5,0,2,438,0,165,0,0,0,0,26,0,0,0,2,0,0,0,0,0,0,0,0,4,0,0,0,0,0,0,0,0,0,0,0,0,0,0,0,0,0,0,0,1,1,4,2,0,0,0,0,1,0,0,0,1,0,0,0,0,0,0,0,0,0,0,0,0,31,0,0,0,0,1227,0,11,0,0,0,2,1,0,26,0,0,18,0,0,0,0,0,0,0,0,9,5,0,0,0,0,0,0,0,0,0
2/27/20,1,0,1,52,0,0,0,0,0,4,3,0,33,0,0,0,0,0,0,0,0,0,0,1,0,0,0,0,0,0,0,0,7,0,0,0,42924,0,0,0,0,0,3,0,0,0,1,691,0,0,0,0,1,0,0,0,1,0,0,0,1,25,0,0,1,30,0,3,0,0,0,0,0,0,0,0,0,0,0,0,170,7,0,2,593,0,188,0,0,0,0,43,0,0,0,2,0,0,0,0,0,0,0,0,5,0,0,0,0,0,0,0,0,0,0,0,0,0,0,1,0,0,0,0,1,1,4,2,0,0,0,0,1,0,0,0,1,0,0,0,0,0,1,0,0,0,0,0,0,31,0,0,0,0,1731,0,13,0,0,0,7,8,0,26,0,0,18,0,0,0,0,0,0,0,0,9,7,0,0,0,0,0,0,0,0,0
2/28/20,1,0,1,53,0,0,0,0,0,4,3,0,36,0,0,1,0,0,0,0,0,0,0,1,0,0,0,0,0,0,0,0,8,0,0,0,39809,0,0,0,0,0,5,0,0,0,1,689,0,0,0,0,0,0,0,0,1,0,0,0,1,44,0,0,1,32,0,4,0,0,0,0,0,0,0,0,0,1,0,0,281,7,0,3,821,0,202,0,0,0,0,45,0,0,0,2,0,0,0,1,0,0,0,0,5,0,0,0,0,0,1,0,0,0,0,0,0,0,0,1,1,0,0,1,1,6,4,2,0,0,0,0,1,0,0,0,3,0,0,0,0,0,1,0,0,0,0,0,0,31,0,0,0,0,2302,0,30,0,0,0,7,8,0,27,0,0,13,0,0,0,0,0,0,0,0,14,12,0,0,0,0,0,0,0,0,0
2/29/20,1,0,1,60,0,0,0,0,0,14,9,0,41,0,0,1,0,0,0,0,0,0,0,2,0,0,0,0,0,0,0,0,14,0,0,0,37199,0,0,0,0,0,6,0,0,0,3,689,0,0,0,0,0,0,0,0,1,0,0,0,2,86,0,0,1,63,0,4,0,0,0,0,0,0,0,0,0,1,0,0,427,13,1,6,1053,0,204,0,0,0,0,45,0,0,0,4,0,0,0,1,1,0,0,0,7,0,0,0,0,0,4,0,1,0,0,0,0,0,0,6,1,0,0,1,1,15,5,4,0,0,0,0,1,0,0,1,3,0,0,0,0,0,1,0,0,0,0,0,0,30,0,0,0,0,3107,0,43,0,0,0,12,18,0,29,0,0,14,0,0,0,0,0,0,0,0,16,15,0,0,0,0,0,0,0,0,0
3/1/20,1,0,1,66,0,0,0,0,1,15,14,3,47,0,0,1,1,0,0,0,0,0,0,2,0,0,0,0,0,0,0,0,18,0,0,0,34898,0,0,0,0,0,7,0,0,3,4,689,0,0,1,6,1,0,0,0,1,0,0,0,5,116,0,0,3,114,0,7,0,0,0,0,0,0,0,0,0,3,0,0,749,19,1,9,1577,0,218,0,0,0,0,45,0,0,0,10,0,0,0,1,1,0,0,0,11,0,0,0,0,0,5,0,1,0,0,0,0,0,0,10,1,0,0,1,1,19,5,4,0,0,0,0,1,0,0,3,3,0,0,0,0,0,1,0,0,0,0,0,0,34,0,0,0,0,3689,0,82,0,0,0,14,27,0,30,0,0,13,0,0,0,0,0,0,0,0,16,28,0,0,0,0,0,0,0,0,0
3/2/20,1,0,3,85,1,0,0,0,1,18,18,3,49,0,0,1,7,0,0,0,0,0,0,2,0,0,0,0,0,0,0,0,21,0,0,0,32368,0,0,0,0,0,7,0,0,3,4,689,0,0,1,6,1,0,0,0,1,0,0,0,5,176,0,0,3,143,0,7,0,0,0,0,0,0,0,0,0,6,2,2,1144,26,1,9,1835,0,236,0,0,0,0,56,0,0,1,13,0,0,0,1,1,0,0,0,11,0,0,0,0,0,5,0,1,0,0,1,0,0,0,18,1,0,0,1,1,25,5,4,0,0,0,0,1,0,2,3,3,1,0,0,0,0,8,0,1,1,0,0,0,30,0,0,0,0,4277,0,118,0,0,0,15,42,0,28,0,0,11,0,0,0,0,0,0,0,0,16,32,0,0,0,0,0,0,0,0,0
3/3/20,1,0,5,104,1,0,0,1,1,27,21,3,49,0,0,1,12,0,0,0,0,0,0,2,0,0,0,0,0,0,0,0,24,0,0,1,29864,0,0,0,0,0,9,0,0,5,6,690,0,0,1,7,1,0,0,0,2,0,0,0,5,188,0,0,3,180,0,7,0,0,0,0,0,0,0,0,0,11,2,2,1968,32,2,11,2263,0,244,1,0,0,0,56,0,0,1,13,0,0,0,1,1,0,0,0,14,0,0,0,0,0,4,0,1,0,0,1,0,0,0,24,1,0,0,1,1,32,10,5,0,0,0,0,1,0,2,7,3,1,0,0,0,0,9,0,1,2,0,0,0,32,0,0,0,0,5128,0,162,0,0,0,21,54,0,29,0,0,11,0,0,0,0,0,0,0,1,22,43,0,0,0,0,0,0,0,0,0
3/4/20,1,0,12,131,1,0,0,1,1,39,29,3,52,0,0,6,22,0,0,0,0,0,0,4,0,0,0,0,0,0,0,0,27,0,0,1,27402,0,0,0,0,0,10,0,0,8,11,690,0,0,1,10,1,0,0,0,2,0,0,0,5,272,0,0,3,246,0,9,0,0,0,0,0,0,0,0,2,26,25,2,2278,33,6,14,2706,0,282,1,0,0,0,56,0,0,1,12,0,0,1,1,1,0,0,0,28,0,0,0,0,0,4,0,1,0,0,1,0,0,0,38,3,0,0,1,1,56,13,5,0,0,0,0,1,1,5,8,3,1,0,0,0,0,15,0,1,4,0,0,0,32,0,0,0,0,5545,0,218,0,0,0,35,87,0,29,0,0,11,0,0,0,0,1,0,0,1,22,78,0,0,0,0,0,0,0,0,0
3/5/20,1,0,12,198,1,0,0,1,1,32,41,6,55,0,0,6,49,0,0,0,0,2,0,4,0,0,0,0,0,0,0,0,31,0,0,4,25230,0,0,0,0,0,10,0,0,12,11,690,0,0,1,13,2,0,0,0,3,0,0,0,11,362,0,0,4,466,0,31,0,0,0,0,0,0,0,0,2,34,27,2,2667,33,6,19,3296,0,311,1,0,0,0,58,0,0,1,15,0,0,1,1,1,0,0,0,28,0,0,0,0,0,4,0,1,0,0,2,0,0,0,82,3,0,0,1,1,87,14,5,0,0,0,0,1,1,8,8,5,2,0,0,0,0,20,0,5,4,0,0,0,39,0,2,0,1,6012,0,254,0,0,0,94,110,0,31,0,0,15,0,0,0,0,1,0,0,1,24,108,0,0,0,0,4,0,0,0,0
3/6/20,1,0,17,241,1,0,0,2,1,37,55,6,56,0,0,6,108,0,0,1,0,2,0,13,0,0,0,0,0,0,0,1,43,0,0,4,23702,1,0,0,1,0,11,0,0,18,23,660,0,0,2,13,14,0,0,0,10,0,0,0,14,635,0,0,4,653,0,45,0,0,0,0,0,0,1,0,2,43,28,4,3710,37,18,35,3916,0,368,1,0,0,0,58,0,0,1,21,0,0,1,1,2,0,0,0,61,0,0,0,0,0,5,0,1,0,0,2,0,0,0,127,4,0,0,1,3,108,14,6,0,0,0,1,3,5,13,8,8,11,0,0,0,0,20,0,5,4,1,0,0,52,1,7,0,1,6416,0,393,0,0,0,101,210,0,32,0,0,16,0,0,1,0,1,0,0,1,24,155,0,0,0,0,7,0,0,0,0
3/7/20,1,0,17,378,1,0,0,8,1,40,79,9,81,0,0,6,168,0,0,1,0,3,0,13,0,0,0,0,0,0,0,1,46,0,0,4,22159,1,0,0,1,0,12,0,0,19,23,660,0,0,2,13,14,0,0,0,10,0,0,0,14,936,0,0,4,781,0,46,0,0,0,0,0,0,1,0,4,50,31,4,4009,50,18,41,5061,0,379,1,0,0,0,61,0,0,1,21,0,0,1,1,2,0,0,0,70,0,0,3,0,0,5,0,1,0,0,2,0,0,0,187,5,0,0,1,3,147,14,6,0,0,0,1,4,5,20,8,6,11,0,0,0,0,22,0,5,4,1,0,0,60,1,7,0,1,6862,0,460,0,0,0,161,264,0,32,0,0,18,0,0,1,0,1,0,0,1,38,187,0,0,0,2,16,0,0,0,0
3/8/20,4,0,19,490,1,0,0,11,1,52,104,9,81,3,0,6,199,0,0,1,0,3,0,20,0,4,0,0,0,0,1,2,56,0,0,8,20335,1,0,0,5,0,12,0,0,31,36,660,0,0,5,14,47,0,0,0,10,0,0,0,22,1105,0,0,13,1022,0,73,0,0,0,0,0,0,1,0,7,50,36,6,4238,54,19,59,6387,0,420,1,0,0,0,63,0,0,2,31,0,0,1,1,3,0,0,0,75,4,0,3,0,0,6,1,1,0,0,2,0,0,0,262,5,0,0,1,3,176,14,5,0,0,1,6,8,11,30,15,12,14,0,0,0,0,35,0,11,3,1,0,0,72,3,16,0,3,7146,0,626,0,0,0,203,332,0,31,0,0,18,0,0,1,0,2,0,0,1,38,254,0,0,0,14,16,0,0,0,0
3/9/20,4,2,20,554,1,0,0,11,1,67,129,9,81,3,0,5,238,0,0,1,0,3,0,25,1,4,0,0,0,0,1,2,68,0,0,8,18933,1,0,0,9,0,12,0,2,31,91,660,0,0,5,15,53,0,0,0,10,0,0,0,29,1188,0,0,15,1156,0,73,0,0,0,0,0,0,1,0,9,58,40,19,4530,51,21,59,7985,0,425,1,0,0,0,63,0,0,6,31,0,0,1,1,3,0,0,0,93,4,0,3,0,0,6,1,1,0,0,2,0,0,0,318,5,0,0,2,3,204,14,5,0,0,1,7,18,16,30,18,12,14,0,0,0,0,35,0,15,3,1,0,0,72,3,16,0,3,7307,0,1013,0,0,0,247,369,0,29,0,0,18,0,0,1,0,2,0,0,1,38,301,0,0,0,14,19,0,0,0,0
3/10/20,5,10,20,923,1,0,0,16,1,83,178,11,88,3,0,6,266,0,0,1,0,5,0,31,1,4,1,0,0,0,1,2,70,0,0,13,17567,3,0,0,9,0,14,0,3,41,263,660,0,0,5,15,57,0,0,0,12,0,0,0,39,1749,0,0,15,1437,0,89,0,0,0,0,0,0,1,0,9,68,52,25,5020,61,34,71,8794,0,470,1,0,0,0,68,0,0,7,39,0,0,1,1,5,0,0,0,105,6,0,5,0,0,3,3,1,1,0,2,0,0,0,378,5,0,0,2,7,399,9,15,1,0,1,11,30,22,41,24,22,17,0,0,0,0,49,0,19,3,5,0,0,82,7,31,0,7,7212,0,1628,0,0,0,354,485,0,29,0,0,19,0,0,1,0,5,0,0,1,62,358,0,0,0,15,26,0,0,0,0
3/11/20,7,11,20,1237,1,0,0,18,1,104,242,8,160,3,0,6,310,0,0,1,2,7,0,38,11,6,2,0,0,0,2,2,99,0,0,23,16116,9,0,1,13,1,19,0,6,91,443,374,0,0,5,17,32,0,0,0,16,0,0,0,58,2233,0,0,24,1880,0,98,0,0,0,0,0,0,1,2,13,84,57,31,5687,49,42,75,10590,1,506,1,0,0,0,70,0,0,9,57,0,0,1,3,7,0,0,0,123,8,0,6,0,0,4,3,1,1,0,4,0,0,0,498,5,0,0,2,7,597,9,17,7,0,5,11,46,31,59,262,39,17,0,0,0,0,60,0,20,3,12,0,0,82,10,57,0,13,7407,0,2040,1,0,0,498,644,0,30,0,0,24,0,0,1,0,7,1,0,1,57,433,0,0,0,22,30,0,0,0,0
3/12/20,7,22,15,1610,0,0,0,18,4,104,297,8,160,3,0,9,310,0,0,1,2,11,0,52,11,6,2,0,0,0,2,2,108,0,0,23,14859,9,0,1,22,1,19,3,6,94,616,374,0,0,5,17,39,0,0,0,16,0,0,0,58,2233,0,0,24,2050,0,98,0,0,0,0,0,0,1,2,13,102,68,31,6687,48,42,96,10590,2,505,1,0,0,0,75,0,0,9,57,0,0,1,3,19,0,0,0,123,8,0,6,0,0,8,3,2,1,0,5,0,0,0,498,5,0,0,2,7,701,9,18,10,0,5,15,48,48,59,262,43,25,0,0,0,0,66,0,44,3,19,0,0,82,16,89,0,17,7470,0,2039,1,0,0,597,644,0,28,0,0,35,0,0,1,0,7,1,0,1,68,431,0,0,0,23,30,0,0,0,0
3/13/20,7,32,16,2118,1,0,1,29,8,174,497,11,151,3,0,24,555,0,0,1,3,13,0,151,37,22,2,0,0,0,4,2,184,0,0,43,13569,13,0,2,23,1,31,4,14,141,803,374,0,0,5,17,51,0,0,0,79,0,1,0,154,3590,0,0,25,3622,0,189,0,0,1,0,0,0,1,2,19,133,76,63,7891,68,89,122,14955,8,564,0,4,1,0,75,0,0,16,73,0,0,1,6,34,0,0,0,171,9,0,11,0,0,22,6,2,1,0,5,0,0,0,796,5,0,0,2,13,995,10,26,26,0,6,28,57,66,111,320,82,42,0,0,0,0,75,0,85,9,35,0,0,103,32,141,0,24,7403,0,4906,5,0,0,812,1124,0,29,0,0,39,0,0,1,0,16,5,0,2,68,773,0,0,0,31,31,0,0,0,0
3/14/20,11,37,22,2657,0,0,1,31,18,224,648,11,166,3,0,24,684,0,0,1,10,18,0,151,40,39,2,0,0,0,6,2,189,0,0,61,12124,22,0,2,26,1,37,4,26,189,834,374,0,0,11,26,80,0,0,0,115,1,1,0,224,4393,1,0,30,4530,3,217,0,1,1,0,0,0,1,2,29,155,96,83,9159,74,127,151,17750,8,633,0,6,1,0,99,0,0,25,89,0,0,4,8,50,0,0,0,203,10,0,17,1,0,37,12,2,1,0,15,0,2,0,948,6,0,0,2,13,1086,10,29,35,0,6,38,101,100,167,333,114,51,1,0,1,1,71,0,102,9,46,2,0,107,44,180,0,38,7504,0,5679,9,0,1,958,1342,0,32,0,0,46,0,0,1,2,18,5,0,2,68,1097,4,0,2,37,35,0,0,0,0
3/15/20,16,41,32,3414,0,0,1,42,26,271,853,16,154,5,0,24,881,0,0,1,10,24,0,162,50,49,3,0,0,0,6,2,243,1,0,74,10783,34,0,3,27,1,48,4,26,253,872,374,0,0,11,26,87,0,1,0,170,1,1,0,234,4429,1,0,33,5738,6,319,0,1,1,0,3,0,1,3,30,158,98,104,8624,80,127,209,20603,10,699,7,9,3,0,107,0,0,29,106,0,0,4,11,58,0,0,0,386,13,0,20,1,0,49,23,2,1,0,26,0,2,0,1116,8,0,0,2,13,1217,13,51,42,0,6,43,127,116,243,397,122,55,1,0,2,1,92,0,102,23,48,2,0,121,54,218,0,51,7577,0,6992,17,0,1,1018,2182,0,38,0,0,78,0,0,1,2,18,6,0,2,75,1083,4,1,10,40,38,0,0,0,0
3/16/20,20,50,38,4516,1,0,1,53,52,351,1009,21,136,6,0,33,1052,0,1,1,11,25,0,199,54,50,15,0,0,0,6,4,402,1,0,155,9906,54,0,3,35,1,55,4,33,295,929,374,0,0,11,35,121,0,1,0,204,1,5,0,267,6522,1,0,32,7188,6,319,0,1,1,0,3,0,1,6,37,180,104,121,9548,88,167,214,23073,8,668,16,10,3,0,114,0,0,33,106,1,0,4,16,76,0,0,0,524,13,0,28,1,0,78,23,7,1,0,27,0,2,0,1390,8,0,0,2,17,1329,13,134,54,0,8,86,128,160,328,435,149,82,5,0,2,1,98,0,116,22,54,3,0,134,63,252,1,62,7024,0,9070,27,0,1,1096,2182,0,46,0,1,111,1,0,1,4,20,18,0,6,75,1464,8,6,17,45,38,0,0,0,0
3/17/20,21,54,44,6271,38,0,1,63,77,424,1328,21,146,7,2,33,1232,0,1,1,11,24,0,318,56,65,15,0,0,0,32,10,464,1,0,201,9030,64,0,4,41,4,61,5,46,393,1020,374,0,0,20,56,160,0,1,0,224,1,5,0,311,7554,1,1,33,9166,7,374,0,5,1,0,6,0,1,8,47,219,125,159,9792,111,216,239,26062,10,705,33,33,3,0,121,0,0,48,114,1,0,7,24,139,0,0,0,622,13,0,36,1,0,89,29,7,5,2,35,0,2,0,1666,12,0,0,3,25,1459,15,234,68,0,9,116,170,220,444,435,168,106,7,0,2,1,98,0,165,24,64,4,0,152,72,274,1,62,6832,0,10187,43,0,1,1182,2669,0,54,0,1,135,1,0,1,5,24,46,0,12,75,1825,29,10,33,50,39,0,0,0,0
3/18/20,21,57,55,7514,38,0,1,74,83,539,1633,21,167,10,2,46,1441,0,2,1,12,36,0,367,68,90,19,0,0,0,34,10,640,1,0,238,8106,92,0,5,50,5,77,6,49,461,1111,380,1,0,20,109,158,0,4,0,257,1,6,0,326,8963,1,1,37,12194,7,405,0,5,1,0,6,0,1,9,55,244,139,197,10837,109,285,293,28710,11,716,51,35,3,0,127,3,0,70,127,2,0,28,26,201,0,0,0,728,13,0,36,1,3,114,28,7,6,2,46,0,2,0,1998,20,0,0,7,34,1543,27,297,85,0,11,144,178,233,443,448,241,139,8,0,2,1,104,0,165,29,82,4,0,199,104,274,1,116,6789,0,12206,50,1,1,1268,2985,0,77,0,3,169,1,0,1,7,29,97,0,12,87,2459,50,15,36,59,41,0,0,2,0
3/19/20,21,62,46,13368,52,0,1,91,114,649,1998,37,177,13,5,46,1743,0,2,1,12,61,0,613,75,91,32,0,0,0,36,13,782,1,1,238,7372,101,0,17,68,8,99,10,67,691,1218,380,1,0,32,196,218,1,6,0,266,1,6,1,390,10714,1,1,39,15163,11,404,0,8,1,0,6,0,1,12,70,324,175,275,11413,136,549,416,33190,12,745,68,44,7,0,130,3,0,85,149,2,0,28,35,331,0,0,0,823,13,0,51,2,3,159,47,7,6,3,60,0,3,0,2388,28,1,0,7,47,1738,36,439,108,0,11,233,192,349,779,456,252,189,8,0,2,1,104,0,268,29,102,6,0,231,122,285,1,150,6934,0,16026,57,1,1,1412,4019,0,81,0,6,229,3,0,1,9,38,189,0,14,109,2490,79,23,42,69,44,0,0,2,0
3/20/20,23,68,47,18777,74,1,1,122,135,758,2373,37,184,16,5,64,2219,0,2,2,15,87,0,780,77,124,39,0,0,1,50,20,922,3,1,428,6731,127,0,21,88,8,122,15,67,829,1327,380,1,0,70,362,238,1,6,0,282,1,9,1,440,12295,2,1,42,19601,16,470,0,11,1,0,6,2,1,24,80,404,219,322,11466,142,675,515,38549,13,739,84,46,7,0,141,6,0,110,155,2,0,28,48,480,0,3,0,940,13,0,62,2,12,197,64,11,6,14,73,0,3,0,2894,39,1,1,11,66,1906,36,485,136,1,13,230,204,419,1009,460,283,243,17,0,2,1,126,0,336,36,133,7,0,261,136,340,1,202,7018,0,17779,70,1,4,1607,5225,0,107,0,6,279,3,0,8,9,53,355,0,26,107,3752,94,33,42,75,30,0,0,2,1
3/21/20,23,72,92,24982,87,2,1,151,159,1038,2797,41,179,20,6,61,2485,0,2,2,19,90,0,1004,81,157,57,0,0,3,52,27,1248,3,1,531,6189,195,0,25,113,13,200,20,84,989,1406,379,1,0,110,496,243,3,6,1,305,1,9,1,512,13888,3,1,48,21896,18,498,0,16,2,0,6,2,1,24,92,450,303,397,11419,146,777,675,42681,13,740,84,53,7,0,149,14,0,123,179,3,0,37,81,662,0,3,0,1065,13,0,71,2,13,245,78,11,10,14,90,0,3,0,3501,52,2,1,21,84,2110,40,714,199,1,17,312,275,530,1263,454,315,293,17,0,2,1,120,0,376,42,169,7,0,290,177,382,1,240,7157,0,21874,76,1,4,1727,6485,0,123,0,6,368,4,0,15,48,59,661,1,43,113,4749,110,43,70,77,31,0,0,2,3
3/22/20,38,85,119,32512,111,2,1,259,192,1454,3557,54,183,22,14,61,3063,0,2,2,24,123,0,1519,86,181,66,0,0,3,83,40,1438,3,1,623,5799,226,0,32,130,13,248,34,91,1113,1500,379,1,1,199,772,257,3,6,1,324,4,7,2,615,13361,4,1,51,24513,22,590,1,18,2,0,18,2,1,26,109,531,362,437,12022,156,897,845,46638,16,825,111,60,15,0,161,14,0,138,236,3,0,37,141,784,0,3,0,1157,13,0,88,2,26,309,92,22,10,21,108,1,3,0,4035,102,2,2,28,113,2377,38,766,310,1,21,357,338,626,1581,461,366,350,19,0,2,1,151,0,495,62,219,7,0,309,178,412,1,274,5941,0,24421,79,1,5,1897,7245,1,139,0,12,554,4,1,15,49,71,1206,1,69,113,5392,158,43,55,96,35,0,0,3,3
3/23/20,38,98,148,42879,131,3,3,294,233,1587,4444,61,226,27,17,66,3392,1,5,2,27,133,0,1888,89,195,90,0,0,3,86,56,2053,3,1,736,5410,271,0,39,154,24,309,39,112,1229,1547,379,3,2,242,960,291,3,9,1,350,4,7,3,689,17055,4,1,58,28667,25,659,1,19,4,0,19,6,1,30,144,551,462,501,13306,186,1114,1033,50826,16,851,126,62,16,0,162,16,0,179,255,3,0,51,177,861,0,12,0,1365,13,0,105,2,34,359,107,22,10,26,136,1,4,1,4548,102,2,3,37,133,2610,49,864,339,1,21,389,412,740,2032,468,505,421,36,0,3,1,163,0,546,74,245,7,0,363,179,439,1,402,5941,0,30250,94,1,5,2005,8544,1,165,0,12,676,4,1,17,50,85,1492,9,69,158,6299,162,46,62,106,42,0,0,3,2
3/24/20,72,108,221,52380,162,3,3,329,235,1921,5246,76,212,30,18,59,3686,1,6,2,29,161,0,2199,102,212,103,0,0,2,87,66,2654,3,3,903,5030,369,0,47,173,71,376,46,118,1381,1650,377,3,2,303,1052,302,5,9,1,362,4,12,4,781,18270,5,2,61,29586,51,694,1,20,4,0,4,7,4,30,157,595,486,601,13964,214,1317,1182,54030,18,865,153,72,25,0,152,42,2,196,306,3,1,51,206,1085,0,17,0,1425,8,0,108,2,40,396,122,22,10,46,159,3,5,1,5300,143,2,3,41,145,2845,67,947,338,1,25,408,497,890,2307,485,704,472,40,0,3,1,162,0,738,78,285,7,0,400,197,476,1,550,5410,0,33283,100,2,7,2234,9624,1,184,0,12,771,4,1,19,57,109,1828,9,93,201,7515,162,50,69,117,42,0,0,3,2
3/25/20,80,124,216,64101,186,3,3,327,249,2237,5549,81,238,27,18,57,4212,2,6,2,32,171,0,2493,107,235,132,0,0,3,86,72,3038,3,3,1117,4603,458,0,50,197,77,419,55,126,1638,1787,115,11,7,379,1142,340,9,9,4,395,4,12,5,867,20360,5,2,65,33570,89,763,1,19,4,2,4,8,4,36,195,679,602,701,15315,214,1550,2306,57521,23,952,171,81,27,0,152,44,3,220,307,3,1,51,269,1319,0,19,0,1577,5,2,127,2,46,465,146,30,10,51,212,5,5,2,6077,183,2,6,48,173,3064,82,1034,434,1,34,470,572,1030,2930,496,803,626,41,2,3,1,183,0,869,90,365,7,0,469,209,513,1,697,5281,0,40501,99,2,8,2448,10613,5,204,0,12,860,4,1,22,59,166,2348,14,139,279,8805,189,60,76,124,42,0,0,12,2
3/26/20,88,151,313,81429,220,4,7,430,271,2625,6748,104,250,28,18,57,5340,2,6,2,43,186,0,2902,109,253,135,0,0,3,86,72,3820,3,3,1280,4310,477,0,52,227,93,470,64,139,1906,1932,105,11,11,475,1366,369,13,12,6,529,6,12,5,943,22898,6,2,68,37998,127,830,7,20,4,2,4,8,4,51,223,718,662,780,16715,241,1795,2617,62013,23,981,211,108,29,70,159,44,6,243,339,3,1,56,294,1438,0,23,0,1793,5,4,132,3,79,573,174,32,11,68,256,7,6,2,7027,256,2,9,62,195,3349,86,1171,548,1,38,557,634,1198,3441,506,912,799,50,2,3,1,183,0,976,96,383,7,0,509,224,546,2,915,4966,0,46406,99,2,8,2747,11489,5,221,0,13,953,8,1,22,64,189,3528,14,190,279,10783,217,75,92,133,66,0,0,16,2
3/27/20,104,147,354,98523,263,4,7,504,300,2936,7374,147,235,32,24,62,6137,2,6,3,61,228,0,3319,104,281,159,8,0,4,88,87,4372,3,3,1562,3881,523,0,50,258,98,546,74,142,2259,2091,105,12,11,558,1556,390,13,12,6,563,9,16,5,1024,25698,6,2,69,43871,131,886,7,23,8,2,4,8,4,67,256,791,794,913,18821,296,2094,2944,66414,23,1047,216,146,29,84,168,58,6,279,356,3,1,56,352,1550,0,26,0,1876,7,11,137,3,92,701,195,41,11,81,311,7,6,3,8094,331,1,9,66,213,3730,108,1339,663,1,48,608,718,1366,4149,519,1151,987,54,2,2,1,198,0,1066,108,456,7,0,547,267,613,3,1138,4665,0,51224,99,2,8,2948,11167,5,236,0,12,1034,9,1,23,63,219,5564,23,300,351,13431,238,82,75,143,73,0,0,22,4
3/28/20,104,156,394,117662,304,5,7,600,376,3382,7978,163,207,28,26,62,7718,2,6,3,74,248,0,3787,94,313,175,8,0,4,86,87,5049,3,3,1842,3600,592,0,61,290,98,607,112,159,2609,2244,105,14,11,688,1772,419,19,12,6,624,9,15,5,1148,30064,6,2,76,48781,134,977,7,23,8,2,7,8,6,91,298,847,879,994,21212,333,2374,3518,70065,27,1237,227,211,36,89,171,58,8,304,374,3,3,56,386,1773,2,26,0,1973,7,18,147,5,100,828,227,41,12,83,366,8,6,4,9173,401,3,9,85,234,3985,129,1454,770,1,52,639,972,1613,5027,544,1276,1211,60,2,2,0,196,0,1162,112,649,8,0,602,290,665,3,1155,4523,0,54968,103,4,8,3326,12282,5,251,0,13,1142,9,1,23,70,268,7224,30,342,414,15704,274,97,78,153,79,0,0,28,6
3/29/20,114,169,449,134824,327,5,7,654,391,3724,8223,190,223,28,33,62,9046,2,6,4,80,309,0,4114,91,324,187,10,0,5,82,128,5750,3,3,2057,3236,682,0,76,309,160,655,132,194,2790,2419,99,18,11,817,1863,437,24,12,12,656,9,20,5,1219,30871,6,3,73,52351,145,1066,9,23,16,2,7,14,6,104,361,883,902,1107,23278,362,2564,4100,73880,29,1388,238,263,40,92,188,84,8,346,398,3,8,56,452,1889,2,39,0,2047,4,17,149,3,104,969,259,44,12,84,440,8,9,4,9905,457,3,17,107,250,4252,144,1554,880,1,55,818,1305,1833,5800,585,1566,1462,70,2,8,0,196,0,1225,115,728,8,0,629,312,709,3,1247,4398,0,58598,105,5,8,3574,12934,8,266,0,13,1284,10,1,23,74,302,8981,33,459,509,17957,303,135,78,163,90,0,0,29,6
3/30/20,164,168,512,151995,352,5,7,569,449,4087,8874,243,232,25,33,120,9859,3,6,4,93,341,3,4300,88,334,203,14,0,5,86,128,6852,3,5,2285,2967,771,0,90,324,161,717,162,201,2953,2605,99,18,11,855,1899,465,30,12,12,692,9,19,5,1329,34176,6,3,83,52740,145,1117,9,25,22,8,7,14,6,129,398,927,1117,1217,24827,432,2851,4518,75528,33,1388,237,280,48,92,194,91,8,375,400,3,8,62,477,1926,2,43,0,2110,4,23,154,2,125,1031,281,47,10,90,508,8,9,4,10699,525,3,24,121,266,4401,150,1620,961,1,60,873,1426,2017,6225,641,1835,1761,70,7,8,0,192,0,1330,135,769,8,0,648,329,735,3,1292,4275,0,63460,105,4,8,3866,13740,8,262,0,18,1286,13,1,28,78,301,10497,33,527,545,20236,309,140,93,148,97,0,0,35,6
3/31/20,165,176,626,175781,354,4,7,787,499,4183,8957,267,268,21,34,104,10374,3,8,4,101,390,3,5389,83,374,215,14,2,5,86,182,6834,3,7,2570,2764,859,0,107,341,171,794,172,231,3232,2872,99,30,12,1053,2111,507,31,11,15,715,9,24,5,1391,39782,15,3,89,54933,125,1213,9,25,22,8,10,14,6,131,439,935,1239,1311,27051,474,3159,5114,77635,33,1473,239,317,57,105,216,104,9,397,421,3,9,68,522,2075,2,57,0,2186,5,26,167,3,138,1151,331,49,10,107,557,8,9,4,11374,572,4,24,125,308,4589,157,1836,1142,1,61,641,1947,2271,7240,717,1943,2199,75,8,12,0,197,0,1388,135,884,10,1,683,360,777,4,1317,4216,0,68200,124,4,9,4239,14349,8,278,0,17,1299,13,1,23,83,381,13074,44,618,597,22873,296,163,93,154,100,0,0,35,7
4/1/20,228,177,728,198267,366,5,7,778,536,4420,9129,328,228,23,34,108,11004,3,12,4,107,427,3,6469,78,392,220,14,2,5,84,217,8127,3,7,2781,2640,1009,0,116,369,180,884,194,283,3408,2215,98,33,12,1218,2597,548,31,14,15,741,9,27,5,1419,42282,17,1,94,58252,159,1313,9,26,30,9,17,15,6,159,465,993,1792,1417,29084,494,3357,5825,80572,39,1649,237,351,77,114,237,108,10,445,422,6,10,68,566,2210,7,57,0,2218,6,28,186,3,155,1306,395,52,12,121,586,10,12,4,12261,624,4,69,163,326,4806,175,1997,1142,1,65,891,2165,2464,8021,762,2116,2563,82,8,12,0,197,0,1440,144,1032,10,2,752,396,816,4,1325,4155,0,72084,122,3,10,4605,14313,8,285,0,18,1254,19,1,24,84,406,15069,44,761,745,26586,295,167,99,155,115,0,0,36,7
4/2/20,257,185,839,226700,403,5,9,841,623,4572,9222,369,258,25,46,247,11842,3,12,4,114,497,3,7593,76,422,222,19,3,5,76,289,9410,3,8,3051,2545,1087,0,136,388,178,916,214,318,3747,2278,82,40,12,1304,2978,606,39,14,22,802,9,26,7,1199,41983,20,1,108,61247,168,1430,10,34,52,9,15,15,7,202,522,1031,2280,1508,30597,516,3746,6483,83049,42,1961,249,405,103,114,261,111,10,427,432,6,10,75,633,2377,7,59,3,2299,6,33,194,3,162,1425,476,57,12,142,633,10,11,5,13187,704,4,93,162,356,5065,173,2262,1276,1,72,822,2475,2833,8757,874,2356,3283,84,9,12,1,194,0,1536,139,1140,10,2,779,420,810,4,1407,3979,0,74974,126,4,10,5157,14278,14,289,0,17,1355,22,1,20,88,436,17364,45,856,920,30229,284,178,98,158,142,0,0,38,8
4/3/20,265,198,1004,256414,407,5,15,960,686,4653,9334,406,286,29,51,294,12755,4,14,3,122,535,3,8570,68,441,236,19,3,5,79,484,10083,8,8,3288,2425,1187,0,136,403,198,979,248,357,3966,2520,82,41,12,1404,3158,703,44,15,22,901,9,32,7,1295,44547,19,1,127,65309,169,1472,12,37,71,15,19,17,7,204,554,1051,2303,1671,31954,540,4148,6985,85388,42,2040,247,429,114,115,335,123,10,491,441,7,10,75,680,2081,7,70,3,2453,6,36,200,3,179,995,557,60,12,171,686,10,11,5,14071,764,4,115,181,398,5279,194,2520,1428,1,83,997,2830,3256,9572,979,2767,3834,89,9,12,2,194,0,1663,140,1437,10,2,827,439,844,6,1401,3867,0,77488,131,6,9,5568,14169,14,293,0,16,1347,22,1,20,91,472,20012,48,1023,1147,34014,297,200,94,152,172,0,0,36,8
4/4/20,282,214,1031,283143,428,6,15,1129,720,4819,9088,484,261,32,52,382,13901,4,14,3,128,573,3,9788,68,452,236,20,3,6,64,529,10183,8,9,3606,2267,1289,0,151,420,219,995,267,382,4335,2729,82,42,14,1404,3193,758,51,15,29,967,9,34,12,1557,46354,19,1,125,68248,169,1527,12,44,106,18,19,19,7,246,588,1017,2767,1751,32555,563,4442,7380,88274,43,2548,244,490,118,118,385,134,10,507,449,6,17,76,753,2198,7,70,4,2511,6,37,211,3,182,1178,711,62,12,198,794,9,11,8,14809,822,4,136,185,446,5456,214,2646,1619,1,81,759,2893,3432,10183,1213,3138,4355,102,9,13,6,200,0,1730,145,1580,10,4,886,460,876,6,1481,3654,0,80002,134,6,9,5865,13424,12,300,0,16,1373,24,1,21,96,530,22647,48,1168,1370,37034,302,239,96,150,195,0,0,36,8
4/5/20,327,237,1078,306979,457,10,15,1127,758,4895,8849,545,265,46,49,502,14493,5,17,3,145,601,5,10517,61,474,238,20,3,6,64,624,12485,8,9,3819,2062,1362,0,171,436,221,1042,297,400,4424,2953,82,50,14,1646,3366,848,57,15,29,1020,9,37,12,1599,46970,19,1,136,69839,178,1584,12,44,116,18,20,19,7,240,633,1054,3260,1911,34887,621,4811,7904,91246,47,2548,230,536,134,121,456,137,11,531,455,7,17,76,791,2268,7,70,4,2596,6,39,222,3,213,1416,819,69,12,211,875,9,13,8,15925,882,5,161,194,514,5584,235,2899,1742,1,89,1209,3030,3874,10908,1477,3339,4989,100,10,13,6,199,0,1880,138,1857,10,6,983,474,890,6,1549,3591,1,80925,138,8,9,6224,13970,15,308,0,18,1353,24,1,21,96,547,25453,52,1243,1645,42333,302,310,100,151,211,4,0,35,8
4/6/20,338,240,1160,332842,473,12,15,1181,763,4677,8614,590,294,78,52,634,15196,6,20,3,170,598,5,11470,52,488,238,21,3,5,61,632,12968,8,9,4050,2020,1445,0,176,447,279,1076,323,411,4623,3199,82,81,14,1709,3456,978,60,13,31,1027,6,38,14,1849,48989,22,1,147,72864,178,1407,12,52,123,18,19,23,7,270,639,1096,4267,2090,32525,623,5165,8262,93187,47,2994,217,610,148,121,561,179,12,525,462,8,17,21,820,2302,7,80,5,2490,6,33,236,3,230,1681,909,72,13,230,959,9,13,8,16794,929,5,217,198,517,5757,268,3454,1921,2,96,1472,3424,4144,11279,1697,3475,5890,101,10,13,6,199,4,2016,132,2142,11,6,1025,524,889,6,1579,3500,1,82897,135,8,9,6524,12836,15,311,0,20,1401,20,1,32,96,569,28242,52,1253,1898,45547,296,425,93,150,229,4,0,33,9
4/7/20,391,230,1162,359167,484,13,18,1234,758,4770,8350,665,348,114,54,794,16002,6,20,3,178,663,5,13221,49,512,238,21,3,5,57,606,13706,8,8,4175,1973,1630,0,191,457,305,1097,358,438,4757,3442,82,81,14,1822,3456,1080,69,13,31,1059,6,46,15,1974,49297,28,1,147,69566,251,1482,12,57,139,33,20,24,7,277,699,1021,4740,2313,31678,684,5474,8413,94067,52,3222,209,640,159,142,637,191,14,530,467,8,18,22,857,2426,7,81,7,2579,6,39,288,3,253,2011,994,74,11,235,1001,9,13,8,17329,918,5,241,204,543,5965,302,3549,2031,2,95,1546,3503,4528,11913,1901,3760,6945,98,11,13,7,205,4,2139,130,2386,11,6,1098,566,921,7,1641,3445,2,84689,137,10,9,6897,12728,14,314,0,18,1343,22,1,39,98,575,31802,52,1389,2161,48141,267,488,93,126,218,4,0,31,9
4/8/20,401,224,1130,386825,489,15,17,1294,758,4880,8157,751,341,165,52,976,16482,7,20,3,193,691,5,15224,43,527,257,19,3,5,54,660,14580,8,8,4383,1905,1877,0,191,470,333,1145,418,465,4980,3616,82,110,14,1953,4068,1152,79,15,33,1089,5,49,15,2147,50718,32,1,158,64647,273,1532,12,67,159,33,23,26,6,284,743,977,5232,2494,30781,681,5814,8530,95262,49,3542,202,666,164,149,743,233,15,559,495,24,12,22,889,2488,7,82,7,2567,6,36,282,3,247,2374,1107,76,12,242,1085,16,13,8,18155,927,5,303,226,553,5953,345,3735,2174,2,99,2888,3592,4824,12565,2026,4013,8029,103,11,13,7,205,4,2260,129,2601,11,7,1211,664,931,10,1732,3408,2,85407,138,10,6,7527,12585,13,313,0,19,1451,28,1,44,98,579,35568,53,1581,2408,52610,267,512,93,125,218,4,0,31,8
4/9/20,437,221,1084,417115,500,15,17,1358,773,4585,7709,816,363,276,52,1331,17296,8,20,3,244,722,12,16969,42,546,273,18,3,5,57,660,14989,8,9,4641,1865,1980,0,203,506,389,1168,472,501,5156,3710,82,110,14,2151,4354,1233,83,15,33,1100,5,50,15,2263,51725,42,1,164,63167,369,1599,12,75,183,36,23,28,6,314,818,954,5879,2761,29801,667,6286,8871,96877,47,3941,204,713,165,149,798,241,16,570,496,24,15,22,931,2563,7,82,7,2553,6,45,319,4,284,2614,1210,78,12,246,1168,16,13,8,19222,921,6,359,230,596,6071,345,3852,2449,2,101,3680,3749,5117,13342,2164,4307,9357,103,11,13,11,250,4,2577,125,2801,11,7,1444,676,953,10,1821,3246,3,85610,134,11,5,8143,12503,13,308,0,19,1451,28,1,46,100,593,39232,53,1790,2708,55890,257,541,78,127,218,4,0,14,8
4/10/20,474,211,1100,445412,504,15,17,1518,776,4368,7172,822,380,364,52,1793,18080,8,29,3,247,736,12,18408,36,556,273,22,3,5,47,710,15647,8,9,4865,1810,2196,0,232,513,389,1243,498,527,5267,3838,82,113,11,2396,6496,1275,96,15,34,1141,5,58,16,2421,53328,42,1,177,65491,368,1650,14,106,197,36,23,29,6,352,1001,917,6578,2924,28495,659,7777,9130,98273,46,4746,195,738,160,191,869,258,16,593,513,29,15,23,923,2669,7,82,8,2446,6,58,332,4,286,2978,1353,84,12,249,1219,18,13,8,20442,908,6,386,240,638,6169,372,3902,2670,2,105,4159,3834,5456,14804,2279,4468,11028,111,12,14,11,260,4,2919,126,3034,11,8,1609,690,978,19,1569,3125,4,86524,129,13,5,8434,12449,13,285,0,24,1427,29,1,48,100,621,43600,53,2073,2926,63241,260,579,78,113,220,4,1,13,10
4/11/20,505,213,1090,470784,504,13,19,1452,781,4440,6865,847,479,416,53,2031,18686,11,29,3,253,770,12,19430,31,571,302,33,5,6,45,710,16073,8,9,4990,1794,2395,0,237,525,471,1190,527,545,5291,3820,82,149,11,2516,6531,1367,93,15,34,1187,5,56,16,2556,54349,44,6,179,64772,396,1719,14,115,233,38,31,31,6,361,1110,840,7189,3229,23725,645,8583,9301,100269,48,5144,197,774,160,218,1020,290,18,611,522,40,15,23,949,2708,7,91,10,2462,6,58,351,4,282,3313,1455,86,12,256,1288,18,13,8,21627,886,7,439,238,685,6258,434,4163,2883,2,109,4928,4024,5773,15251,2475,4941,12433,102,12,14,11,268,4,3261,124,3306,11,8,1763,703,990,19,1593,3026,4,87312,137,15,5,8883,11971,18,280,0,24,1348,33,1,48,92,614,48101,49,2359,3128,67636,273,721,73,114,209,4,1,10,11
4/12/20,557,206,1030,496239,481,13,19,1584,803,4449,6608,837,572,548,56,2349,19584,12,29,3,274,777,12,20796,29,578,309,35,5,6,45,710,16462,8,16,5074,1835,2397,0,248,536,484,1204,559,557,5389,3805,82,176,8,2663,6632,1317,98,18,34,1186,7,58,16,2618,79831,47,6,187,64532,554,1747,14,131,233,38,31,30,6,361,1193,804,7794,3509,23318,636,9296,9415,102253,52,5878,181,842,164,218,1091,318,19,630,530,42,15,23,933,2715,7,86,11,2499,6,74,331,4,273,2593,1537,86,12,264,1366,19,13,11,22704,855,4,442,228,753,6365,486,4111,3132,2,106,5528,4154,6003,15804,2697,5132,14349,101,12,11,11,268,4,3642,107,3550,11,10,1964,717,1002,22,1738,2930,4,87231,147,15,5,9203,11609,18,273,0,24,1295,33,1,44,89,633,52312,50,2605,3421,72278,242,795,79,118,230,6,1,11,11
4/13/20,612,212,1069,509267,489,13,21,1596,814,4484,6330,847,764,722,55,2687,19979,16,29,3,301,792,12,21929,28,582,309,56,4,8,45,710,17141,8,21,5076,1829,2421,0,248,547,531,1225,584,585,5397,3825,82,255,8,2838,6577,1437,109,17,34,1202,8,57,16,2705,82407,55,6,201,62578,554,1777,14,132,302,38,31,37,6,365,1229,770,8914,3778,22735,583,10257,9615,103616,50,6463,169,941,159,218,1148,347,19,634,532,49,16,23,937,2723,7,85,14,2464,6,87,337,4,273,2839,1570,86,13,266,1434,19,13,13,23582,798,4,442,242,772,6437,599,4308,3284,2,119,6926,4375,6202,16122,2890,5388,16710,85,12,11,11,268,4,4064,111,3969,11,10,2323,660,1005,56,1835,2873,4,87616,154,21,3,9648,10850,18,278,0,39,1251,33,3,45,89,649,55796,47,2912,3644,76219,241,909,70,119,248,6,1,13,14
4/14/20,651,203,1053,529645,500,12,18,1616,786,4167,6209,833,876,924,55,3045,20094,16,16,3,320,807,12,20684,28,597,321,57,4,9,31,704,17924,7,21,5179,1761,2498,0,251,549,518,1258,613,618,5308,3718,61,308,8,2941,6538,1583,118,37,34,1227,7,65,16,2797,85829,55,6,228,59865,611,1800,14,143,332,38,33,37,6,374,1268,723,9735,3954,22065,556,11048,9728,104291,50,6703,155,1015,166,313,1176,354,18,636,540,49,25,23,940,2740,7,85,14,2427,4,97,346,4,264,3029,1760,86,25,233,1545,26,13,15,24328,729,4,466,263,778,6452,679,4363,3317,2,130,7204,4593,6321,16534,3048,5477,19238,85,14,4,11,282,4,4407,114,4371,11,11,2631,720,1012,56,1978,2808,4,86981,165,23,3,10031,11062,22,263,0,43,1167,35,5,42,88,670,58909,47,3155,3972,80427,227,1062,70,97,244,6,1,13,14
4/15/20,716,218,1116,551520,471,12,18,1736,797,4191,5845,836,1001,1132,53,3489,22026,16,16,3,362,816,12,12558,27,606,284,68,4,54,26,666,18235,8,21,5242,1699,2522,0,313,555,518,1235,639,638,5231,3642,61,362,8,3217,6690,1733,123,47,35,1248,7,67,16,2865,85461,75,6,232,58349,611,1821,14,156,372,43,41,38,6,379,1253,642,10485,4221,21679,524,12026,9808,105418,99,7101,144,1039,162,313,1196,366,18,617,552,49,38,23,923,2778,7,81,14,2342,6,101,352,4,250,3273,1832,78,25,229,1668,27,13,15,24867,649,4,480,267,831,6558,775,4826,3407,2,130,8113,4751,6628,17109,3298,5627,22306,82,14,4,11,283,4,4852,122,4774,11,13,3037,706,1022,73,2062,2750,4,88083,168,23,3,10343,9697,26,265,0,73,1103,35,7,43,87,702,62200,43,3513,4298,84174,224,1191,77,96,309,6,1,16,19
4/16/20,756,215,1137,578062,471,12,17,1825,783,4044,5080,808,990,1463,55,3961,22390,16,16,3,398,847,14,14475,27,640,257,79,4,54,24,810,19852,8,22,5403,1656,2539,0,323,564,502,1227,664,646,5292,3550,56,516,8,3344,6984,1881,125,47,35,1265,7,74,17,1594,95341,75,6,269,56646,550,1833,14,172,388,43,41,38,6,382,1311,587,11214,4472,20897,498,12708,9798,106607,117,7547,136,1108,170,359,1296,370,17,613,556,49,37,23,918,2823,7,78,14,2332,9,124,327,4,234,3686,1865,78,26,244,1904,29,12,14,25745,622,4,480,277,914,6712,839,5146,3573,7,136,6097,4863,6830,17719,3681,5958,25402,78,14,4,11,333,4,5307,139,5215,11,15,3734,802,1033,73,1654,2627,4,90836,163,23,3,10657,9551,26,234,0,79,1033,39,17,31,86,742,65461,35,3859,4695,87796,207,1216,84,91,309,6,1,16,19
4/17/20,777,230,1208,603750,470,12,17,1880,780,2648,4460,797,1008,1705,55,4395,23014,16,16,3,408,848,14,17515,23,664,228,79,4,54,24,810,20913,8,22,5515,1572,2652,0,365,557,489,1178,700,661,5202,3361,55,654,8,3658,7191,1993,132,75,35,1276,7,78,17,1707,94981,100,6,288,53931,550,1847,8,186,415,43,48,40,6,391,1400,521,11825,4796,20472,495,13373,9705,106962,113,8662,135,1182,182,384,1395,370,17,589,561,62,37,23,906,2829,7,84,12,2198,12,124,328,4,207,4204,1932,71,26,243,2148,32,12,28,26833,582,4,499,317,929,6744,887,5125,3809,7,161,6648,5004,7181,17846,4192,6148,29145,78,14,4,11,339,4,6006,142,5046,6,26,4331,865,1064,108,1830,2576,4,96040,160,23,3,11266,9351,31,223,0,131,964,39,17,30,86,784,68146,36,4291,5077,92465,207,1245,84,70,331,6,1,20,19
4/18/20,791,220,1273,627604,464,16,17,1944,705,2377,4014,765,1011,1994,53,4392,23382,16,16,3,431,883,14,20278,23,684,208,88,4,56,19,818,21991,8,25,5569,1537,2652,0,382,554,554,1178,727,670,5198,3060,55,654,8,3806,7558,2107,140,75,36,1312,13,86,17,1891,92778,100,6,298,53483,726,1856,8,207,450,46,48,41,6,401,1431,460,12738,5082,19850,478,14110,9645,107771,133,9005,137,1221,190,405,1465,371,17,619,552,62,37,23,978,2864,7,85,12,2115,19,162,324,4,136,4722,1930,69,26,247,2234,31,10,29,27836,544,1,507,357,957,6840,998,5663,3972,7,159,7388,5174,7414,18388,4490,6267,33423,75,14,4,11,356,4,6853,136,5240,6,30,5241,865,1057,126,2079,2484,4,96886,161,50,3,11761,8936,31,214,0,131,899,36,17,30,85,784,69986,33,4698,5077,96872,205,1291,105,67,347,6,1,22,20
4/19/20,832,222,1207,647527,442,16,17,1998,726,2419,3796,667,1115,2290,53,4238,24056,14,16,3,457,890,19,14062,22,691,202,99,4,59,17,670,22221,8,25,5617,1479,2902,0,402,543,578,1115,746,674,5262,2897,55,742,8,4091,7933,2173,150,75,36,1324,13,89,17,1989,96713,101,7,297,52598,934,1853,8,229,487,47,49,44,6,411,1477,471,14202,5307,20070,448,14564,9565,108257,141,9402,134,1259,189,447,1603,416,17,634,550,76,39,25,1021,2850,7,82,12,2103,36,168,306,0,111,4948,1948,69,25,248,2387,31,10,27,28819,507,2,511,436,977,6881,1026,6312,4013,7,157,8417,5278,7887,18882,4922,6403,39201,71,14,4,11,362,4,7867,144,5443,6,29,5809,920,1064,154,2201,2385,4,100864,168,50,3,12295,8547,31,225,0,152,790,36,18,27,85,798,72313,27,4961,5454,102209,209,1335,130,66,363,6,1,25,20
4/20/20,855,231,1235,669338,432,16,17,2068,737,2265,3694,626,1131,2762,51,5699,25260,14,26,3,500,879,19,16026,21,719,186,107,0,65,15,816,23388,8,25,5692,1436,2984,0,418,532,578,1063,766,679,5147,2848,55,742,8,4313,8471,2262,165,72,36,1330,15,92,15,1770,97717,112,7,303,50703,934,1860,8,261,495,47,49,54,7,406,1518,401,14674,5423,19023,449,14888,9487,108237,191,9402,136,1386,198,460,1619,360,17,646,553,84,35,25,1047,2846,7,80,12,2041,53,176,302,0,95,5433,2021,68,26,219,2553,31,10,27,29502,454,2,511,455,971,6943,1165,6272,4176,7,154,8912,5418,8080,19518,5451,6441,43270,71,15,2,11,362,4,8891,137,5635,6,37,7202,909,1065,225,2187,2324,4,98771,199,87,3,12647,7915,31,213,0,233,746,40,21,25,84,698,75410,18,5200,5862,106318,212,1361,130,54,375,6,1,27,20
4/21/20,906,238,1267,691575,398,16,13,2044,768,1883,3411,595,1182,3185,45,6091,25956,14,26,4,527,854,19,17347,21,760,200,109,0,66,12,791,24304,4,25,5716,1418,3149,0,433,513,600,1059,790,674,5079,2632,55,831,8,4336,8671,2356,170,76,33,1340,22,95,15,1873,98189,139,7,307,48058,934,1703,8,263,555,47,50,54,7,419,1598,351,15460,5677,18540,423,6077,9251,107709,190,9633,124,1487,208,458,1657,367,17,606,548,86,35,25,1014,2870,7,77,13,2041,67,187,290,0,76,6017,2037,65,26,207,2671,31,10,39,30314,426,1,510,455,952,6977,1262,7291,4318,7,147,10371,5508,8158,19700,5910,6591,48434,66,15,2,10,374,4,9882,165,5783,6,44,8275,927,1070,274,2352,2233,4,100382,201,87,3,13007,7185,33,202,0,233,655,44,22,24,79,698,78414,23,5597,6266,109270,211,1315,158,52,391,6,1,32,23
4/22/20,970,251,1304,715573,377,17,11,2120,816,1653,3087,591,994,3560,45,6454,26194,14,26,4,528,855,21,17533,20,801,181,111,6,71,12,723,25131,4,25,5750,1371,3280,0,453,495,628,1033,808,679,4935,2448,55,789,7,4459,9051,2448,167,76,33,1331,22,92,10,1980,93981,141,7,304,45969,1046,1710,9,284,591,47,51,56,7,434,1648,313,16319,5870,17492,402,6669,9094,107699,200,9875,113,1601,215,474,1792,351,15,617,547,73,43,25,975,2863,7,69,17,1987,70,203,276,0,59,6947,2143,65,27,194,2880,33,10,38,30863,401,1,447,648,931,7119,1368,7708,4449,8,142,11693,5571,8230,20054,6442,6780,53066,69,14,0,10,386,4,10846,183,5985,6,55,9233,946,1069,274,2515,2179,4,100757,218,115,3,13517,6859,33,184,0,263,425,44,22,26,70,681,79821,18,5994,6640,112844,207,1259,156,45,399,6,1,36,22
4/23/20,1058,251,1245,739243,353,17,11,2351,840,1540,2786,580,1127,3951,40,7024,26507,11,26,4,616,874,21,20132,18,855,165,125,6,80,12,623,26297,6,25,5840,1265,3419,0,469,484,631,1048,827,684,4825,2304,54,732,7,4697,9295,2600,175,76,33,1355,22,92,10,2112,94357,141,7,309,44254,1046,1761,9,343,686,47,54,65,7,441,1655,270,17344,6168,16702,423,7580,9000,106848,223,10546,112,1709,217,491,1887,321,15,634,526,73,43,25,959,2854,7,63,27,1966,92,211,238,0,56,7937,2185,55,27,188,2957,37,9,38,31628,344,1,391,753,943,7175,1400,8391,4749,8,137,12920,5797,8317,20332,7004,7073,57327,67,14,0,10,398,4,11884,216,6070,5,53,10242,1022,1076,304,2405,1967,5,101617,254,144,3,14184,6347,33,168,0,263,359,47,22,23,59,690,80808,28,6479,7063,116694,191,1190,175,44,384,1,1,36,22
4/24/20,1120,257,1304,754786,347,17,10,2455,841,1462,2669,558,1397,4446,40,7590,27492,11,26,4,709,828,21,22684,17,983,163,130,6,86,5,719,27368,6,32,5805,1154,3653,0,496,465,644,976,820,692,4688,2290,54,667,6,4719,20777,2723,191,206,28,1353,25,89,8,1718,94211,143,7,307,39439,1135,1783,8,389,757,49,54,65,7,478,1723,237,18252,6520,16021,418,7937,8861,106527,253,10954,108,1853,228,522,1986,312,15,505,534,84,41,25,940,603,7,61,26,1932,113,217,221,0,37,9024,2271,49,28,190,3114,53,9,38,32323,325,1,368,855,932,7232,1455,8932,4865,8,136,13518,5953,8454,20715,7706,7033,62439,89,13,0,9,409,4,12926,276,6245,5,70,11107,988,1082,304,2668,1843,5,88111,304,144,2,14410,6088,33,158,0,241,309,47,22,25,59,690,80575,29,6664,7457,121063,182,1175,176,50,388,1,0,44,23
4/25/20,1228,282,1358,784027,354,17,10,2565,846,1238,2509,516,1420,4745,42,7950,27991,11,26,4,766,837,21,26107,16,995,146,131,6,88,5,768,27787,6,31,5931,1098,3842,0,514,445,644,928,849,648,4681,2367,54,633,3,4831,20777,2898,191,250,26,1361,45,90,8,1789,94433,143,1,312,40836,1135,1799,11,415,781,49,54,60,7,503,1723,210,19519,6845,15485,453,8265,8664,105847,270,11215,105,1930,231,546,2217,312,12,525,537,84,41,25,925,538,7,61,26,1882,160,258,195,0,27,5388,2385,48,28,161,3201,58,9,37,32858,310,2,332,925,934,7266,1566,9588,5041,8,134,16834,6008,8623,21235,8419,7144,67657,95,13,0,9,409,4,13948,331,6476,5,70,11679,970,1088,364,2802,1769,5,87295,335,177,2,14980,5995,28,148,0,241,309,52,22,28,54,694,79485,29,7142,7855,125098,212,1147,181,45,248,1,0,44,25
4/26/20,1274,288,1449,803916,354,18,10,2593,885,1090,2401,485,1450,5149,34,8696,28255,11,30,3,820,833,21,28662,14,1039,137,131,6,104,5,779,28463,9,31,6118,998,4002,0,539,425,668,872,814,655,4639,2357,54,610,3,4947,20777,3041,207,249,26,1361,48,79,6,1886,94458,143,1,331,39794,1384,1806,11,436,781,49,54,61,7,503,1743,174,20486,7032,15114,470,8942,8511,106103,315,11260,103,2010,235,576,2249,304,12,533,538,87,41,26,930,531,7,53,27,1820,197,254,162,0,24,4972,2417,48,29,161,3311,64,8,36,33432,270,3,317,994,825,7294,1655,10111,5276,8,134,18701,6216,8817,21632,9265,7363,73435,99,13,0,9,433,4,15026,379,6704,5,79,12552,967,1093,403,2986,1731,6,86072,396,196,2,15441,5651,26,142,0,241,277,47,22,30,53,695,78185,33,7568,8295,129142,216,1072,178,45,257,1,0,43,25
4/27/20,1426,286,1527,820514,318,19,10,2666,931,1050,2363,494,1497,5630,35,9474,28602,10,30,3,863,846,21,31701,13,1099,124,125,6,107,3,842,28507,9,31,6288,907,4134,0,556,404,651,814,808,659,4396,2321,54,556,3,5018,21020,3209,226,248,26,1364,54,71,6,2002,97154,165,1,335,38132,1384,1821,11,466,910,54,51,62,7,521,1805,158,21375,7180,14733,473,9313,8151,105813,328,11869,100,2090,235,557,2254,292,12,538,541,87,41,26,934,518,7,53,29,1764,209,272,160,0,22,5009,2454,49,28,125,3263,64,8,36,33789,239,3,287,1042,781,7362,1675,10594,5399,8,126,19492,6334,8874,21742,10168,7557,79007,114,13,0,7,433,4,16136,443,6904,5,79,13314,960,1098,444,3230,1654,6,85069,455,232,2,15647,5299,21,133,0,241,270,47,22,30,49,649,75570,32,7925,8667,133083,219,1004,177,45,257,1,0,43,23
4/28/20,1542,289,1561,838291,304,19,10,2758,971,990,2208,474,1493,6168,35,10136,29060,7,30,2,863,840,22,35608,13,1119,120,129,6,111,3,732,28936,40,31,6448,881,4412,0,565,393,644,752,804,674,4329,2302,54,572,3,4965,21830,3379,240,305,20,1370,60,73,6,1741,98504,182,1,337,36198,1467,1851,9,466,964,54,51,62,8,559,1842,149,22569,7484,14268,519,9485,7772,105205,328,11443,93,2228,236,536,2241,284,12,556,548,80,41,26,764,529,7,46,28,1719,233,278,151,0,21,3760,2560,41,28,115,3309,64,8,38,33913,226,3,275,1233,761,7422,1757,11067,5399,8,128,21157,6453,8967,21985,10777,7549,84235,117,11,0,7,448,4,17141,518,7069,5,88,13809,941,1099,481,2830,1593,34,84403,478,262,2,16261,4965,19,116,0,241,232,46,18,30,49,656,72852,27,8179,9110,136168,216,939,177,48,270,1,0,50,23
4/29/20,1627,281,1702,858222,278,18,10,2879,1002,946,2043,476,1458,6790,34,11025,29075,7,30,2,934,902,17,40040,13,1140,100,117,6,111,3,837,29383,40,31,6612,833,4518,0,582,384,667,707,792,680,4244,2205,54,476,3,5131,22235,3553,262,305,20,1380,80,69,6,1900,94225,206,1,333,34672,1467,1860,7,479,1031,185,52,62,8,599,1891,131,23546,7596,13909,565,5677,7386,104657,360,11114,87,2294,240,528,2327,284,12,486,547,80,41,26,767,546,7,38,26,1758,260,328,120,1,16,4644,2546,33,28,112,3225,64,8,41,34152,216,3,246,1370,742,7471,1900,11757,5673,8,128,22951,6631,8991,22062,11311,7716,88141,127,11,2,8,453,4,18292,558,7259,5,88,14439,885,1099,534,3174,1459,34,79695,506,315,1,16835,5091,19,112,0,297,228,46,18,38,37,646,70468,29,8513,9502,139418,203,897,179,48,271,1,5,40,23
4/30/20,1847,272,1777,852481,235,18,10,2954,1105,931,1961,455,1532,7339,35,11552,29349,7,30,2,934,961,17,45246,13,1174,96,118,6,116,3,837,29723,40,35,7216,796,4775,1,660,375,687,659,759,539,4132,2163,54,445,3,5370,22476,3764,266,305,13,1388,87,69,6,1784,93444,206,2,349,32886,1845,1077,7,517,1159,185,51,65,9,621,1882,117,24641,7804,13509,617,5994,7163,101551,385,11198,83,2511,235,513,2459,276,11,495,551,80,40,26,751,481,7,36,27,1729,450,329,110,1,12,5942,2599,27,28,101,3269,64,8,41,34576,208,4,235,1555,650,7496,1842,12117,5768,8,143,25520,6877,8997,22537,12027,7506,93806,139,9,2,8,450,10,19428,590,7487,5,96,14910,849,1105,542,3471,1454,35,76842,502,372,1,17501,4449,19,101,15,297,216,45,8,42,36,648,68144,31,8907,9947,144780,209,897,175,51,266,1,3,48,31
5/1/20,1957,263,1880,874503,234,17,7,3015,1138,910,1832,464,1607,7894,35,11906,29437,3,46,2,1029,956,14,47751,13,1211,88,114,6,103,2,837,30042,62,35,7756,749,5141,1,692,364,721,589,759,546,4125,2125,54,423,3,5588,23360,4029,290,305,13,1389,93,64,6,1833,92496,206,3,352,30441,1845,1098,7,556,1188,237,51,67,9,617,1931,99,26027,8160,13237,645,6182,6720,100943,393,10875,87,2650,240,513,2745,244,11,506,513,89,42,26,760,497,7,38,25,1758,473,286,80,1,10,6390,2586,18,28,82,3315,67,8,43,34942,202,4,217,1751,606,7541,1941,12982,5906,8,208,28206,7109,8963,22697,12648,7495,100042,140,7,2,8,457,11,20373,659,7487,5,108,15817,822,1109,542,3453,1407,45,76842,521,451,1,17862,4051,14,99,15,297,187,46,8,48,25,641,65326,33,9176,10384,150210,196,865,177,51,275,1,4,32,31
5/2/20,2066,239,1964,890788,231,22,7,3124,1230,891,1782,458,1708,8438,30,12614,29541,3,46,2,1029,988,14,49402,11,1235,73,108,7,132,2,1060,30428,62,68,8616,736,5295,3,761,355,725,548,780,553,4049,2046,54,424,3,5771,23961,4256,294,305,13,1390,95,61,4,1956,93092,245,7,367,29155,1922,1103,8,599,1174,237,51,67,9,818,1982,82,27557,8347,12942,651,6504,6363,100704,422,10892,84,2847,261,465,2883,234,10,507,511,88,38,26,728,402,7,38,26,1747,500,312,85,1,8,7650,2594,13,29,69,3300,61,8,43,35293,201,4,194,1952,572,7566,1721,13846,6252,8,241,28900,7201,8949,22496,13326,7414,107819,135,7,2,8,456,11,21518,738,7747,5,126,16184,775,1106,606,3664,1360,45,74234,526,499,1,18408,3855,14,102,74,297,180,48,8,48,20,644,62780,36,9634,10816,154399,195,838,187,51,275,1,7,41,25
5/3/20,2274,233,2075,910206,210,22,7,3183,1316,878,1771,466,1657,8215,31,13410,29753,3,46,2,1352,955,14,51784,9,1237,77,106,7,130,2,1060,31788,62,68,9362,643,5606,3,761,347,728,528,755,561,3946,2054,54,424,3,6015,24674,4474,325,305,13,1386,99,57,4,2024,93140,245,7,357,28198,1922,1108,8,614,1174,237,51,69,9,855,2029,72,29339,8471,12799,709,6817,6227,100179,422,10409,85,2809,274,448,3169,221,10,515,512,82,38,26,729,349,7,51,27,1780,508,323,81,1,7,7870,2614,13,29,65,3291,61,8,59,35559,191,3,196,2071,482,7604,1806,14513,6252,8,260,31092,7402,9070,22550,13875,7504,116768,135,7,3,8,455,11,22693,801,7720,5,129,16779,765,1102,646,4103,1332,46,73300,527,499,0,18633,3643,14,98,126,297,176,48,8,48,15,643,59497,37,10077,11274,158421,196,820,189,52,274,1,7,43,25
5/4/20,2407,229,2185,924273,206,22,7,3185,1397,864,1705,478,1781,8752,29,14127,29965,2,44,2,1425,993,14,55438,7,1253,81,106,7,136,2,1087,31924,75,68,9958,537,5808,3,768,337,722,499,723,563,3760,2091,54,401,3,6118,26879,4745,362,299,13,1389,103,62,4,1587,92903,268,7,361,26459,2407,1112,8,632,1251,393,56,79,9,973,2054,66,32024,8769,12991,704,7067,5947,99980,424,10386,86,2847,293,426,3291,245,10,532,515,90,37,26,735,327,7,50,29,1764,522,328,77,1,6,9187,2693,13,28,62,3221,61,8,59,35732,164,3,184,2292,441,7658,1809,14830,6356,0,275,31601,7547,9213,22749,14369,7425,125817,133,7,3,8,455,16,23989,846,7786,5,132,17303,745,1101,660,4336,1267,46,71240,549,576,0,15878,2997,14,98,227,297,193,47,4,43,9,569,56032,42,10409,11627,162113,193,774,189,52,258,1,9,56,25
